,RIC,DTSubjectName,DBSTicker,CouponRate,MaturityDate,IssueDate,ISIN,RCSCurrencyLeaf,RCSCountryLeaf,DbTypeDescription,InstrumentTypeDescription,MaturityStandardYield,MaturityCorpMacDuration,MaturityCorpModDuration,IsCallable,IndustrySubSectorDescription,Price,PricingTradeDate
0,0#DK0030237029=,Sjf Bank A/S,SJF,1.83,2013-03-12,2010-03-12,DK0030237029,Danish Krone,Denmark,Corporate,Bond,,,,False,Banking,,
1,0#DK0030239314=,Sjf Bank A/S,SJF,1.8825,2013-04-23,2010-04-23,DK0030239314,Danish Krone,Denmark,Corporate,Bond,,,,False,Banking,,
2,0#DK0030248067=,Sjf Bank A/S,SJF,1.675,2013-06-28,2010-06-28,DK0030248067,Danish Krone,Denmark,Corporate,Bond,,,,True,Banking,,
3,0#DK0030256169=,Fjordbank Mors A/S,FJORB,1.655,2013-07-22,2010-07-22,DK0030256169,Danish Krone,Denmark,Corporate,Bond,,,,True,Banking,,
4,DK0002000421=,Nordea Kredit Realkreditaktieselskab,NDARFI,6.0,2026-07-01,1993-10-18,DK0002000421,Danish Krone,Denmark,Corporate,Realkreditobligation (Covered bond (Denmark pre-2008)),2.54321,0.155556,0.154932,True,Mortgage Banking,100.5,2026-05-01
5,DK0002004092=,Nordea Kredit Realkreditaktieselskab,NDARFI,6.0,2029-07-01,1996-09-01,DK0002004092,Danish Krone,Denmark,Corporate,Realkreditobligation (Covered bond (Denmark pre-2008)),4.076302,1.620056,1.587514,True,Mortgage Banking,102.9,2026-05-01
6,DK0002004258=,Nordea Kredit Realkreditaktieselskab,NDARFI,7.0,2029-07-01,1996-09-01,DK0002004258,Danish Krone,Denmark,Corporate,Realkreditobligation (Covered bond (Denmark pre-2008)),3.938024,1.621254,1.589776,True,Mortgage Banking,104.7,2026-05-01
7,DK0002004415=,Nordea Kredit Realkreditaktieselskab,NDARFI,8.0,2026-10-01,1996-09-01,DK0002004415,Danish Krone,Denmark,Corporate,Realkreditobligation (Covered bond (Denmark pre-2008)),,,,True,Mortgage Banking,,
8,DK0002004845=,Nordea Kredit Realkreditaktieselskab,NDARFI,5.0,2029-07-01,1998-06-01,DK0002004845,Danish Krone,Denmark,Corporate,Realkreditobligation (Covered bond (Denmark pre-2008)),3.672154,1.623558,1.594135,True,Mortgage Banking,102.0,2026-05-01
9,DK0002006030=,Nordea Kredit Realkreditaktieselskab,NDARFI,5.0,2032-10-01,1999-07-01,DK0002006030,Danish Krone,Denmark,Corporate,Realkreditobligation (Covered bond (Denmark pre-2008)),3.985255,3.141251,3.07956,True,Mortgage Banking,102.9,2026-05-01
10,DK0002006113=,Nordea Kredit Realkreditaktieselskab,NDARFI,6.0,2032-10-01,1999-07-01,DK0002006113,Danish Krone,Denmark,Corporate,Realkreditobligation (Covered bond (Denmark pre-2008)),4.099286,3.137294,3.073945,True,Mortgage Banking,105.6,2026-05-01
11,DK0002006469=,Nordea Kredit Realkreditaktieselskab,NDARFI,7.0,2031-07-01,1999-07-01,DK0002006469,Danish Krone,Denmark,Corporate,Realkreditobligation (Covered bond (Denmark pre-2008)),4.604355,2.5507,2.492954,True,Mortgage Banking,105.7,2026-05-01
12,DK0002011386=,Nordea Kredit Realkreditaktieselskab,NDARFI,5.0,2035-01-01,2002-03-07,DK0002011386,Danish Krone,Denmark,Corporate,Realkreditobligation (Covered bond (Denmark pre-2008)),3.967239,4.154327,4.073111,True,Mortgage Banking,103.925,2026-05-01
13,DK0002011469=,Nordea Kredit Realkreditaktieselskab,NDARFI,6.0,2033-01-01,2002-03-07,DK0002011469,Danish Krone,Denmark,Corporate,Realkreditobligation (Covered bond (Denmark pre-2008)),3.984798,3.255345,3.191421,True,Mortgage Banking,106.2,2026-05-01
14,DK0002012780=,Nordea Kredit Realkreditaktieselskab,NDARFI,4.0,2035-10-01,2003-06-16,DK0002012780,Danish Krone,Denmark,Corporate,Realkreditobligation (Covered bond (Denmark pre-2008)),3.568764,4.513975,4.434476,True,Mortgage Banking,101.675,2026-05-01
15,DK0002013408=,Nordea Kredit Realkreditaktieselskab,NDARFI,5.0,2035-04-01,2003-11-17,DK0002013408,Danish Krone,Denmark,Corporate,Realkreditobligation (Covered bond (Denmark pre-2008)),3.906362,4.268828,4.186636,True,Mortgage Banking,104.3,2026-05-01
16,DK0002013838=,Nordea Kredit Realkreditaktieselskab,NDARFI,6.0,2035-07-01,2004-11-19,DK0002013838,Danish Krone,Denmark,Corporate,Realkreditobligation (Covered bond (Denmark pre-2008)),4.410777,4.343789,4.249531,True,Mortgage Banking,106.4,2026-05-01
17,DK0002013911=,Nordea Kredit Realkreditaktieselskab,NDARFI,6.0,2035-04-01,2004-11-19,DK0002013911,Danish Krone,Denmark,Corporate,Realkreditobligation (Covered bond (Denmark pre-2008)),4.712304,4.215434,4.117816,True,Mortgage Banking,104.9,2026-05-01
18,DK0002014216=,Nordea Kredit Realkreditaktieselskab,NDARFI,5.0,2038-01-01,2005-01-18,DK0002014216,Danish Krone,Denmark,Corporate,Realkreditobligation (Covered bond (Denmark pre-2008)),4.0503,5.44375,5.335137,True,Mortgage Banking,104.7,2026-05-01
19,DK0002014489=,Nordea Kredit Realkreditaktieselskab,NDARFI,5.0,2038-01-01,2005-01-18,DK0002014489,Danish Krone,Denmark,Corporate,Realkreditobligation (Covered bond (Denmark pre-2008)),4.37177,5.407598,5.291282,True,Mortgage Banking,102.9,2026-05-01
20,DK0002014646=,Nordea Kredit Realkreditaktieselskab,NDARFI,4.0,2036-04-01,2005-02-09,DK0002014646,Danish Krone,Denmark,Corporate,Realkreditobligation (Covered bond (Denmark pre-2008)),3.523534,4.73893,4.656514,True,Mortgage Banking,101.975,2026-05-01
21,DK0002014729=,Nordea Kredit Realkreditaktieselskab,NDARFI,4.0,2035-10-01,2005-02-21,DK0002014729,Danish Krone,Denmark,Corporate,Realkreditobligation (Covered bond (Denmark pre-2008)),3.656597,4.507469,4.426157,True,Mortgage Banking,101.275,2026-05-01
22,DK0002014992=,Nordea Kredit Realkreditaktieselskab,NDARFI,4.0,2027-04-01,2005-03-01,DK0002014992,Danish Krone,Denmark,Corporate,Realkreditobligation (Covered bond (Denmark pre-2008)),1.92958,0.529049,0.523971,True,Mortgage Banking,101.06,2026-05-01
23,DK0002015023=,Nordea Kredit Realkreditaktieselskab,NDARFI,4.0,2036-04-01,2005-03-01,DK0002015023,Danish Krone,Denmark,Corporate,Realkreditobligation (Covered bond (Denmark pre-2008)),3.706598,4.723915,4.63755,True,Mortgage Banking,101.1,2026-05-01
24,DK0002015106=,Nordea Kredit Realkreditaktieselskab,NDARFI,3.4,2038-07-01,2005-05-17,DK0002015106,Danish Krone,Denmark,Corporate,Realkreditobligation (Covered bond (Denmark pre-2008)),2.661846,5.828682,0.27436,True,Mortgage Banking,104.23,2026-05-01
25,DK0002015296=,Nordea Kredit Realkreditaktieselskab,NDARFI,3.4,2038-01-01,2005-05-17,DK0002015296,Danish Krone,Denmark,Corporate,Realkreditobligation (Covered bond (Denmark pre-2008)),2.785451,5.590932,0.250848,True,Mortgage Banking,103.349,2026-05-01
26,DK0002016260=,Nordea Kredit Realkreditaktieselskab,NDARFI,5.0,2028-01-01,2006-04-12,DK0002016260,Danish Krone,Denmark,Corporate,Realkreditobligation (Covered bond (Denmark pre-2008)),3.890687,0.895865,0.878669,True,Mortgage Banking,100.9,2026-05-01
27,DK0002016427=,Nordea Kredit Realkreditaktieselskab,NDARFI,6.0,2037-10-01,2006-07-10,DK0002016427,Danish Krone,Denmark,Corporate,Realkreditobligation (Covered bond (Denmark pre-2008)),4.156238,5.326702,5.217688,True,Mortgage Banking,109.3,2026-05-01
28,DK0002016500=,Nordea Kredit Realkreditaktieselskab,NDARFI,6.0,2038-01-01,2006-07-14,DK0002016500,Danish Krone,Denmark,Corporate,Realkreditobligation (Covered bond (Denmark pre-2008)),4.388672,5.405699,5.288982,True,Mortgage Banking,108.125,2026-05-01
29,DK0002016856=,Nordea Kredit Realkreditaktieselskab,NDARFI,6.0,2038-10-01,2007-10-15,DK0002016856,Danish Krone,Denmark,Corporate,Saerligt Daekkede Realkreditobligation (Covered Bond),4.634254,5.684029,5.554553,True,Mortgage Banking,107.1,2026-05-01
30,DK0002020619=,Nordea Kredit Realkreditaktieselskab,NDARFI,4.0,2026-07-01,2007-12-06,DK0002020619,Danish Krone,Denmark,Corporate,Saerligt Daekkede Realkreditobligation (Covered Bond),10.728177,0.155556,0.152957,True,Mortgage Banking,98.925,2026-05-01
31,DK0002020882=,Nordea Kredit Realkreditaktieselskab,NDARFI,5.0,2029-07-01,2007-12-06,DK0002020882,Danish Krone,Denmark,Corporate,Saerligt Daekkede Realkreditobligation (Covered Bond),3.551085,1.624608,1.596124,True,Mortgage Banking,102.2,2026-05-01
32,DK0002020965=,Nordea Kredit Realkreditaktieselskab,NDARFI,5.0,2041-10-01,2007-12-06,DK0002020965,Danish Krone,Denmark,Corporate,Saerligt Daekkede Realkreditobligation (Covered Bond),4.14906,6.959836,6.817646,True,Mortgage Banking,105.325,2026-05-01
33,DK0002021187=,Nordea Kredit Realkreditaktieselskab,NDARFI,6.0,2039-01-01,2007-12-06,DK0002021187,Danish Krone,Denmark,Corporate,Saerligt Daekkede Realkreditobligation (Covered Bond),4.655139,5.78231,5.650013,True,Mortgage Banking,107.1,2026-05-01
34,DK0002021260=,Nordea Kredit Realkreditaktieselskab,NDARFI,5.0,2041-07-01,2007-12-06,DK0002021260,Danish Krone,Denmark,Corporate,Saerligt Daekkede Realkreditobligation (Covered Bond),4.338586,6.825331,6.679622,True,Mortgage Banking,103.9,2026-05-01
35,DK0002021344=,Nordea Kredit Realkreditaktieselskab,NDARFI,6.0,2039-04-01,2007-12-06,DK0002021344,Danish Krone,Denmark,Corporate,Saerligt Daekkede Realkreditobligation (Covered Bond),4.359861,5.923195,5.796132,True,Mortgage Banking,109.1,2026-05-01
36,DK0002021427=,Nordea Kredit Realkreditaktieselskab,NDARFI,3.05,2041-07-01,2007-12-06,DK0002021427,Danish Krone,Denmark,Corporate,Saerligt Daekkede Realkreditobligation (Covered Bond),2.598436,7.160247,0.277847,True,Mortgage Banking,103.128,2026-05-01
37,DK0002021500=,Nordea Kredit Realkreditaktieselskab,NDARFI,3.05,2041-07-01,2007-12-06,DK0002021500,Danish Krone,Denmark,Corporate,Saerligt Daekkede Realkreditobligation (Covered Bond),2.644356,7.151486,0.268335,True,Mortgage Banking,102.791,2026-05-01
38,DK0002021773=,Nordea Kredit Realkreditaktieselskab,NDARFI,5.0,2041-07-01,2008-01-30,DK0002021773,Danish Krone,Denmark,Corporate,Saerligt Daekkede Realkreditobligation (Covered Bond),4.553644,6.785035,6.633128,True,Mortgage Banking,102.4,2026-05-01
39,DK0002022078=,Nordea Kredit Realkreditaktieselskab,NDARFI,7.0,2038-10-01,2008-06-16,DK0002022078,Danish Krone,Denmark,Corporate,Saerligt Daekkede Realkreditobligation (Covered Bond),5.225488,5.609405,5.465642,True,Mortgage Banking,109.1,2026-05-01
40,DK0002022151=,Nordea Kredit Realkreditaktieselskab,NDARFI,7.0,2038-10-01,2008-06-16,DK0002022151,Danish Krone,Denmark,Corporate,Saerligt Daekkede Realkreditobligation (Covered Bond),5.324591,5.59694,5.45083,True,Mortgage Banking,108.5,2026-05-01
41,DK0002022235=,Nordea Kredit Realkreditaktieselskab,NDARFI,6.0,2028-10-01,2008-07-02,DK0002022235,Danish Krone,Denmark,Corporate,Saerligt Daekkede Realkreditobligation (Covered Bond),4.269479,1.258644,1.232178,True,Mortgage Banking,102.0,2026-05-01
42,DK0002022581=,Nordea Kredit Realkreditaktieselskab,NDARFI,4.0,2031-07-01,2009-08-21,DK0002022581,Danish Krone,Denmark,Corporate,Saerligt Daekkede Realkreditobligation (Covered Bond),3.889822,2.56687,2.517646,True,Mortgage Banking,100.125,2026-05-01
43,DK0002023209=,Nordea Kredit Realkreditaktieselskab,NDARFI,4.0,2041-07-01,2010-01-22,DK0002023209,Danish Krone,Denmark,Corporate,Saerligt Daekkede Realkreditobligation (Covered Bond),3.578102,6.968651,6.845613,True,Mortgage Banking,102.53,2026-05-01
44,DK0002024876=,Nordea Kredit Realkreditaktieselskab,NDARFI,4.0,2041-07-01,2010-04-26,DK0002024876,Danish Krone,Denmark,Corporate,Saerligt Daekkede Realkreditobligation (Covered Bond),3.596406,6.965187,6.84159,True,Mortgage Banking,102.4,2026-05-01
45,DK0002024959=,Nordea Kredit Realkreditaktieselskab,NDARFI,3.0,2031-01-01,2010-06-09,DK0002024959,Danish Krone,Denmark,Corporate,Saerligt Daekkede Realkreditobligation (Covered Bond),2.769337,2.353801,2.32153,True,Mortgage Banking,100.46,2026-05-01
46,DK0002025097=,Nordea Kredit Realkreditaktieselskab,NDARFI,3.0,2026-10-01,2010-06-14,DK0002025097,Danish Krone,Denmark,Corporate,Saerligt Daekkede Realkreditobligation (Covered Bond),2.846301,0.280111,0.276152,True,Mortgage Banking,100.03,2026-05-01
47,DK0002025170=,Nordea Kredit Realkreditaktieselskab,NDARFI,4.0,2041-07-01,2010-08-23,DK0002025170,Danish Krone,Denmark,Corporate,Saerligt Daekkede Realkreditobligation (Covered Bond),3.746903,6.936733,6.808561,True,Mortgage Banking,101.34,2026-05-01
48,DK0002025766=,Nordea Kredit Realkreditaktieselskab,NDARFI,5.0,2041-10-01,2011-02-21,DK0002025766,Danish Krone,Denmark,Corporate,Saerligt Daekkede Realkreditobligation (Covered Bond),4.626658,6.867391,6.711216,True,Mortgage Banking,101.925,2026-05-01
49,DK0002025840=,Nordea Kredit Realkreditaktieselskab,NDARFI,5.0,2041-10-01,2011-02-21,DK0002025840,Danish Krone,Denmark,Corporate,Saerligt Daekkede Realkreditobligation (Covered Bond),4.554994,6.881226,6.72712,True,Mortgage Banking,102.425,2026-05-01
50,DK0002026145=,Nordea Kredit Realkreditaktieselskab,NDARFI,4.0,2026-10-01,2011-07-05,DK0002026145,Danish Krone,Denmark,Corporate,Saerligt Daekkede Realkreditobligation (Covered Bond),0.988998,0.280401,0.279014,True,Mortgage Banking,100.825,2026-05-01
51,DK0002026228=,Nordea Kredit Realkreditaktieselskab,NDARFI,4.0,2032-01-01,2011-07-05,DK0002026228,Danish Krone,Denmark,Corporate,Saerligt Daekkede Realkreditobligation (Covered Bond),3.582083,2.807519,2.757885,True,Mortgage Banking,101.0,2026-05-01
52,DK0002026301=,Nordea Kredit Realkreditaktieselskab,NDARFI,5.0,2041-10-01,2011-07-05,DK0002026301,Danish Krone,Denmark,Corporate,Saerligt Daekkede Realkreditobligation (Covered Bond),4.554994,6.881226,6.72712,True,Mortgage Banking,102.425,2026-05-01
53,DK0002026491=,Nordea Kredit Realkreditaktieselskab,NDARFI,4.0,2042-04-01,2011-08-23,DK0002026491,Danish Krone,Denmark,Corporate,Saerligt Daekkede Realkreditobligation (Covered Bond),3.604005,7.269395,7.140131,True,Mortgage Banking,102.45,2026-05-01
54,DK0002026657=,Nordea Kredit Realkreditaktieselskab,NDARFI,4.0,2042-07-01,2011-08-25,DK0002026657,Danish Krone,Denmark,Corporate,Saerligt Daekkede Realkreditobligation (Covered Bond),3.532335,7.385926,7.257168,True,Mortgage Banking,103.025,2026-05-01
55,DK0002027036=,Nordea Kredit Realkreditaktieselskab,NDARFI,3.0,2034-04-01,2011-09-19,DK0002027036,Danish Krone,Denmark,Corporate,Saerligt Daekkede Realkreditobligation (Covered Bond),2.843619,3.879669,3.825076,True,Mortgage Banking,100.473,2026-05-01
56,DK0002027465=,Nordea Kredit Realkreditaktieselskab,NDARFI,3.5,2044-04-01,2012-01-09,DK0002027465,Danish Krone,Denmark,Corporate,Saerligt Daekkede Realkreditobligation (Covered Bond),3.504208,8.094738,7.954734,True,Mortgage Banking,99.599,2026-05-01
57,DK0002027895=,Nordea Kredit Realkreditaktieselskab,NDARFI,3.5,2044-07-01,2012-05-10,DK0002027895,Danish Krone,Denmark,Corporate,Saerligt Daekkede Realkreditobligation (Covered Bond),3.503859,8.193827,8.052124,True,Mortgage Banking,99.597,2026-05-01
58,DK0002027978=,Nordea Kredit Realkreditaktieselskab,NDARFI,2.0,2029-07-01,2012-06-04,DK0002027978,Danish Krone,Denmark,Corporate,Saerligt Daekkede Realkreditobligation (Covered Bond),2.260426,1.635822,1.617477,True,Mortgage Banking,99.55,2026-05-01
59,DK0002028000=,Nordea Kredit Realkreditaktieselskab,NDARFI,3.0,2044-07-01,2012-06-04,DK0002028000,Danish Krone,Denmark,Corporate,Saerligt Daekkede Realkreditobligation (Covered Bond),3.202084,8.275364,8.14443,True,Mortgage Banking,98.07,2026-05-01
60,DK0002028190=,Nordea Kredit Realkreditaktieselskab,NDARFI,3.0,2044-07-01,2012-06-11,DK0002028190,Danish Krone,Denmark,Corporate,Saerligt Daekkede Realkreditobligation (Covered Bond),3.023786,8.32369,8.199242,True,Mortgage Banking,99.525,2026-05-01
61,DK0002029081=,Nordea Kredit Realkreditaktieselskab,NDARFI,2.5,2034-10-01,2012-11-28,DK0002029081,Danish Krone,Denmark,Corporate,Saerligt Daekkede Realkreditobligation (Covered Bond),2.755881,4.115449,4.059307,True,Mortgage Banking,98.858,2026-05-01
62,DK0002030170=,Nordea Kredit Realkreditaktieselskab,NDARFI,2.0,2031-07-01,2014-05-23,DK0002030170,Danish Krone,Denmark,Corporate,Saerligt Daekkede Realkreditobligation (Covered Bond),2.407709,2.600537,2.569498,True,Mortgage Banking,98.907,2026-05-01
63,DK0002030253=,Nordea Kredit Realkreditaktieselskab,NDARFI,2.5,2036-04-01,2014-05-23,DK0002030253,Danish Krone,Denmark,Corporate,Saerligt Daekkede Realkreditobligation (Covered Bond),2.601685,4.814781,4.752741,True,Mortgage Banking,99.4,2026-05-01
64,DK0002030337=,Nordea Kredit Realkreditaktieselskab,NDARFI,3.0,2046-07-01,2014-05-23,DK0002030337,Danish Krone,Denmark,Corporate,Saerligt Daekkede Realkreditobligation (Covered Bond),3.149679,9.090653,8.949147,True,Mortgage Banking,98.35,2026-05-01
65,DK0002030410=,Nordea Kredit Realkreditaktieselskab,NDARFI,3.0,2046-07-01,2014-05-23,DK0002030410,Danish Krone,Denmark,Corporate,Saerligt Daekkede Realkreditobligation (Covered Bond),3.245923,9.058695,8.913429,True,Mortgage Banking,97.499,2026-05-01
66,DK0002030683=,Nordea Kredit Realkreditaktieselskab,NDARFI,2.5,2047-04-01,2014-08-14,DK0002030683,Danish Krone,Denmark,Corporate,Saerligt Daekkede Realkreditobligation (Covered Bond),3.279661,9.339543,9.188236,True,Mortgage Banking,92.7,2026-05-01
67,DK0002030766=,Nordea Kredit Realkreditaktieselskab,NDARFI,2.0,2037-07-01,2014-08-27,DK0002030766,Danish Krone,Denmark,Corporate,Saerligt Daekkede Realkreditobligation (Covered Bond),2.769007,5.365072,5.291543,True,Mortgage Banking,95.865,2026-05-01
68,DK0002030840=,Nordea Kredit Realkreditaktieselskab,NDARFI,2.5,2047-07-01,2014-09-03,DK0002030840,Danish Krone,Denmark,Corporate,Saerligt Daekkede Realkreditobligation (Covered Bond),3.151455,9.483009,9.335315,True,Mortgage Banking,93.75,2026-05-01
69,DK0002032895=,Nordea Kredit Realkreditaktieselskab,NDARFI,2.0,2047-07-01,2015-01-26,DK0002032895,Danish Krone,Denmark,Corporate,Saerligt Daekkede Realkreditobligation (Covered Bond),3.291183,9.432041,9.278706,True,Mortgage Banking,88.182,2026-05-01
70,DK0002032978=,Nordea Kredit Realkreditaktieselskab,NDARFI,2.0,2047-10-01,2015-01-08,DK0002032978,Danish Krone,Denmark,Corporate,Saerligt Daekkede Realkreditobligation (Covered Bond),3.285827,9.530313,9.37563,True,Mortgage Banking,88.11,2026-05-01
71,DK0002033000=,Nordea Kredit Realkreditaktieselskab,NDARFI,1.5,2037-10-01,2015-01-09,DK0002033000,Danish Krone,Denmark,Corporate,Saerligt Daekkede Realkreditobligation (Covered Bond),2.924177,5.460149,5.381169,True,Mortgage Banking,92.4,2026-05-01
72,DK0002033190=,Nordea Kredit Realkreditaktieselskab,NDARFI,1.5,2047-10-01,2015-02-18,DK0002033190,Danish Krone,Denmark,Corporate,Saerligt Daekkede Realkreditobligation (Covered Bond),3.360723,9.502411,9.344709,True,Mortgage Banking,83.245,2026-05-01
73,DK0002033513=,Nordea Kredit Realkreditaktieselskab,NDARFI,3.5,2046-01-01,2015-06-16,DK0002033513,Danish Krone,Denmark,Corporate,Saerligt Daekkede Realkreditobligation (Covered Bond),3.55792,8.763495,8.609633,True,Mortgage Banking,99.1,2026-05-01
74,DK0002033786=,Nordea Kredit Realkreditaktieselskab,NDARFI,3.5,2045-10-01,2015-06-16,DK0002033786,Danish Krone,Denmark,Corporate,Saerligt Daekkede Realkreditobligation (Covered Bond),3.535574,8.673858,8.522514,True,Mortgage Banking,99.301,2026-05-01
75,DK0002037340=,Nordea Kredit Realkreditaktieselskab,NDARFI,0.5,2027-10-01,2016-10-03,DK0002037340,Danish Krone,Denmark,Corporate,Saerligt Daekkede Realkreditobligation (Covered Bond),1.485718,0.777849,0.772095,True,Mortgage Banking,99.235,2026-05-01
76,DK0002037423=,Nordea Kredit Realkreditaktieselskab,NDARFI,1.0,2027-01-01,2016-10-31,DK0002037423,Danish Krone,Denmark,Corporate,Saerligt Daekkede Realkreditobligation (Covered Bond),2.342306,0.655556,0.645435,False,Mortgage Banking,99.101,2026-05-01
77,DK0002038660=,Nordea Kredit Realkreditaktieselskab,NDARFI,2.5,2048-04-01,2017-05-10,DK0002038660,Danish Krone,Denmark,Corporate,Saerligt Daekkede Realkreditobligation (Covered Bond),3.313902,9.711038,9.552092,True,Mortgage Banking,92.1,2026-05-01
78,DK0002038744=,Nordea Kredit Realkreditaktieselskab,NDARFI,2.0,2050-07-01,2017-05-10,DK0002038744,Danish Krone,Denmark,Corporate,Saerligt Daekkede Realkreditobligation (Covered Bond),3.372454,10.527733,10.352414,True,Mortgage Banking,86.075,2026-05-01
79,DK0002038827=,Nordea Kredit Realkreditaktieselskab,NDARFI,1.5,2040-07-01,2017-05-10,DK0002038827,Danish Krone,Denmark,Corporate,Saerligt Daekkede Realkreditobligation (Covered Bond),3.011379,6.6495,6.550483,True,Mortgage Banking,90.25,2026-05-01
80,DK0002038900=,Nordea Kredit Realkreditaktieselskab,NDARFI,0.5,2029-07-01,2017-05-10,DK0002038900,Danish Krone,Denmark,Corporate,Saerligt Daekkede Realkreditobligation (Covered Bond),2.120432,1.637041,1.619811,True,Mortgage Banking,97.375,2026-05-01
81,DK0002039049=,Nordea Kredit Realkreditaktieselskab,NDARFI,2.0,2050-07-01,2017-08-10,DK0002039049,Danish Krone,Denmark,Corporate,Saerligt Daekkede Realkreditobligation (Covered Bond),3.405848,10.512035,10.335266,True,Mortgage Banking,85.775,2026-05-01
82,DK0002039478=,Nordea Kredit Realkreditaktieselskab,NDARFI,1.0,2028-01-01,2017-09-01,DK0002039478,Danish Krone,Denmark,Corporate,Saerligt Daekkede Realkreditobligation (Covered Bond),2.678761,1.645491,1.623823,False,Mortgage Banking,97.306,2026-05-01
83,DK0002040567=,Nordea Kredit Realkreditaktieselskab,NDARFI,1.5,2050-07-01,2017-11-30,DK0002040567,Danish Krone,Denmark,Corporate,Saerligt Daekkede Realkreditobligation (Covered Bond),3.380227,10.524078,10.348421,True,Mortgage Banking,81.355,2026-05-01
84,DK0002040641=,Nordea Kredit Realkreditaktieselskab,NDARFI,1.0,2040-10-01,2017-11-30,DK0002040641,Danish Krone,Denmark,Corporate,Saerligt Daekkede Realkreditobligation (Covered Bond),3.078436,6.745093,6.642442,True,Mortgage Banking,86.62,2026-05-01
85,DK0002040997=,Nordea Kredit Realkreditaktieselskab,NDARFI,2.5,2050-10-01,2018-02-20,DK0002040997,Danish Krone,Denmark,Corporate,Saerligt Daekkede Realkreditobligation (Covered Bond),,,,True,Mortgage Banking,,
86,DK0002042266=,Nordea Kredit Realkreditaktieselskab,NDARFI,1.0,2029-01-01,2018-06-27,DK0002042266,Danish Krone,Denmark,Corporate,Saerligt Daekkede Realkreditobligation (Covered Bond),2.696745,2.625128,2.59037,False,Mortgage Banking,95.697,2026-05-01
87,DK0002044122=,Nordea Kredit Realkreditaktieselskab,NDARFI,1.5,2050-10-01,2019-02-12,DK0002044122,Danish Krone,Denmark,Corporate,Saerligt Daekkede Realkreditobligation (Covered Bond),3.587372,10.516524,10.33038,True,Mortgage Banking,79.455,2026-05-01
88,DK0002044205=,Nordea Kredit Realkreditaktieselskab,NDARFI,0.0,2030-10-01,2019-02-25,DK0002044205,Danish Krone,Denmark,Corporate,Saerligt Daekkede Realkreditobligation (Covered Bond),2.285317,2.242208,2.216794,True,Mortgage Banking,94.975,2026-05-01
89,DK0002044551=,Nordea Kredit Realkreditaktieselskab,NDARFI,1.0,2050-10-01,2019-03-29,DK0002044551,Danish Krone,Denmark,Corporate,Saerligt Daekkede Realkreditobligation (Covered Bond),3.085111,10.757627,10.593569,True,Mortgage Banking,79.1,2026-05-01
90,DK0002044635=,Nordea Kredit Realkreditaktieselskab,NDARFI,0.5,2040-10-01,2019-06-07,DK0002044635,Danish Krone,Denmark,Corporate,Saerligt Daekkede Realkreditobligation (Covered Bond),3.150933,6.732617,6.627772,True,Mortgage Banking,83.2,2026-05-01
91,DK0002044718=,Nordea Kredit Realkreditaktieselskab,NDARFI,1.0,2050-10-01,2019-06-06,DK0002044718,Danish Krone,Denmark,Corporate,Saerligt Daekkede Realkreditobligation (Covered Bond),3.563513,10.527917,10.342794,True,Mortgage Banking,75.2,2026-05-01
92,DK0002044981=,Nordea Kredit Realkreditaktieselskab,NDARFI,1.0,2030-01-01,2019-06-26,DK0002044981,Danish Krone,Denmark,Corporate,Saerligt Daekkede Realkreditobligation (Covered Bond),2.771676,3.594145,3.545285,False,Mortgage Banking,93.91,2026-05-01
93,DK0002046176=,Nordea Kredit Realkreditaktieselskab,NDARFI,0.5,2050-10-01,2019-08-08,DK0002046176,Danish Krone,Denmark,Corporate,Saerligt Daekkede Realkreditobligation (Covered Bond),3.448769,10.582792,10.402619,True,Mortgage Banking,71.75,2026-05-01
94,DK0002046259=,Nordea Kredit Realkreditaktieselskab,NDARFI,0.5,2050-10-01,2019-08-12,DK0002046259,Danish Krone,Denmark,Corporate,Saerligt Daekkede Realkreditobligation (Covered Bond),3.687323,10.468869,10.278476,True,Mortgage Banking,69.985,2026-05-01
95,DK0002046333=,Nordea Kredit Realkreditaktieselskab,NDARFI,0.0,2040-10-01,2019-08-12,DK0002046333,Danish Krone,Denmark,Corporate,Saerligt Daekkede Realkreditobligation (Covered Bond),2.862633,6.782277,6.686218,True,Mortgage Banking,81.825,2026-05-01
96,DK0002047141=,Nordea Kredit Realkreditaktieselskab,NDARFI,0.5,2042-01-01,2020-05-11,DK0002047141,Danish Krone,Denmark,Corporate,Saerligt Daekkede Realkreditobligation (Covered Bond),3.177592,7.254049,7.14014,True,Mortgage Banking,81.804,2026-05-01
97,DK0002047224=,Nordea Kredit Realkreditaktieselskab,NDARFI,1.0,2052-07-01,2020-05-11,DK0002047224,Danish Krone,Denmark,Corporate,Saerligt Daekkede Realkreditobligation (Covered Bond),2.913429,11.50459,11.338799,True,Mortgage Banking,79.452,2026-05-01
98,DK0002047307=,Nordea Kredit Realkreditaktieselskab,NDARFI,1.0,2052-07-01,2020-05-11,DK0002047307,Danish Krone,Denmark,Corporate,Saerligt Daekkede Realkreditobligation (Covered Bond),3.639119,11.106049,10.906674,True,Mortgage Banking,73.235,2026-05-01
99,DK0002047737=,Nordea Kredit Realkreditaktieselskab,NDARFI,1.0,2031-01-01,2020-06-04,DK0002047737,Danish Krone,Denmark,Corporate,Saerligt Daekkede Realkreditobligation (Covered Bond),2.923951,4.551962,4.486771,False,Mortgage Banking,91.727,2026-05-01
100,DK0002048628=,Nordea Kredit Realkreditaktieselskab,NDARFI,0.0,2033-07-01,2020-06-22,DK0002048628,Danish Krone,Denmark,Corporate,Saerligt Daekkede Realkreditobligation (Covered Bond),2.150578,3.56173,3.523727,True,Mortgage Banking,92.55,2026-05-01
101,DK0002048701=,Nordea Kredit Realkreditaktieselskab,NDARFI,0.5,2051-10-01,2020-08-13,DK0002048701,Danish Krone,Denmark,Corporate,Saerligt Daekkede Realkreditobligation (Covered Bond),3.695378,10.815954,10.618826,True,Mortgage Banking,69.011,2026-05-01
102,DK0002049006=,Nordea Kredit Realkreditaktieselskab,NDARFI,1.0,2052-07-01,2020-09-24,DK0002049006,Danish Krone,Denmark,Corporate,Saerligt Daekkede Realkreditobligation (Covered Bond),5.559302,10.09098,9.816199,True,Mortgage Banking,59.875,2026-05-01
103,DK0002049196=,Nordea Kredit Realkreditaktieselskab,NDARFI,0.5,2052-04-01,2020-10-22,DK0002049196,Danish Krone,Denmark,Corporate,Saerligt Daekkede Realkreditobligation (Covered Bond),3.600465,11.040009,10.843896,True,Mortgage Banking,69.275,2026-05-01
104,DK0002049279=,Nordea Kredit Realkreditaktieselskab,NDARFI,0.0,2043-01-01,2020-10-28,DK0002049279,Danish Krone,Denmark,Corporate,Saerligt Daekkede Realkreditobligation (Covered Bond),3.091367,7.688803,7.571307,True,Mortgage Banking,78.05,2026-05-01
105,DK0002049352=,Nordea Kredit Realkreditaktieselskab,NDARFI,1.0,2026-10-01,2021-01-19,DK0002049352,Danish Krone,Denmark,Corporate,Saerligt Daekkede Realkreditobligation (Covered Bond),2.419083,0.405556,0.401535,False,Mortgage Banking,99.407,2026-05-01
106,DK0002050012=,Nordea Kredit Realkreditaktieselskab,NDARFI,1.5,2052-07-01,2021-03-01,DK0002050012,Danish Krone,Denmark,Corporate,Saerligt Daekkede Realkreditobligation (Covered Bond),5.097176,10.329382,10.071051,True,Mortgage Banking,66.7,2026-05-01
107,DK0002050285=,Nordea Kredit Realkreditaktieselskab,NDARFI,1.0,2043-07-01,2021-03-03,DK0002050285,Danish Krone,Denmark,Corporate,Saerligt Daekkede Realkreditobligation (Covered Bond),3.099902,7.893498,7.772545,True,Mortgage Banking,84.3,2026-05-01
108,DK0002050368=,Nordea Kredit Realkreditaktieselskab,NDARFI,1.5,2052-10-01,2021-03-03,DK0002050368,Danish Krone,Denmark,Corporate,Saerligt Daekkede Realkreditobligation (Covered Bond),3.440887,11.302551,11.11056,True,Mortgage Banking,79.45,2026-05-01
109,DK0002050442=,Nordea Kredit Realkreditaktieselskab,NDARFI,1.5,2053-10-01,2021-03-03,DK0002050442,Danish Krone,Denmark,Corporate,Saerligt Daekkede Realkreditobligation (Covered Bond),3.526308,11.601608,11.39971,True,Mortgage Banking,78.075,2026-05-01
110,DK0002050798=,Nordea Kredit Realkreditaktieselskab,NDARFI,1.5,2031-07-01,2021-04-26,DK0002050798,Danish Krone,Denmark,Corporate,Saerligt Daekkede Realkreditobligation (Covered Bond),0.746175,2.638465,2.628645,True,Mortgage Banking,102.0,2026-05-01
111,DK0002050871=,Nordea Kredit Realkreditaktieselskab,NDARFI,2.0,2053-07-01,2021-05-26,DK0002050871,Danish Krone,Denmark,Corporate,Saerligt Daekkede Realkreditobligation (Covered Bond),4.427613,10.994001,10.754575,True,Mortgage Banking,75.25,2026-05-01
112,DK0002051093=,Nordea Kredit Realkreditaktieselskab,NDARFI,2.0,2053-04-01,2021-06-14,DK0002051093,Danish Krone,Denmark,Corporate,Saerligt Daekkede Realkreditobligation (Covered Bond),3.586461,11.394358,11.192728,True,Mortgage Banking,82.775,2026-05-01
113,DK0002051176=,Nordea Kredit Realkreditaktieselskab,NDARFI,1.5,2042-10-01,2021-06-14,DK0002051176,Danish Krone,Denmark,Corporate,Saerligt Daekkede Realkreditobligation (Covered Bond),3.0935,7.584478,7.468496,True,Mortgage Banking,88.35,2026-05-01
114,DK0002051929=,Nordea Kredit Realkreditaktieselskab,NDARFI,1.0,2027-04-01,2021-06-18,DK0002051929,Danish Krone,Denmark,Corporate,Saerligt Daekkede Realkreditobligation (Covered Bond),2.366527,0.905556,0.886271,False,Mortgage Banking,98.756,2026-05-01
115,DK0002052570=,Nordea Kredit Realkreditaktieselskab,NDARFI,1.0,2027-10-01,2021-12-15,DK0002052570,Danish Krone,Denmark,Corporate,Saerligt Daekkede Realkreditobligation (Covered Bond),2.58081,1.395501,1.377801,False,Mortgage Banking,97.838,2026-05-01
116,DK0002053032=,Nordea Kredit Realkreditaktieselskab,NDARFI,2.0,2053-04-01,2022-01-27,DK0002053032,Danish Krone,Denmark,Corporate,Saerligt Daekkede Realkreditobligation (Covered Bond),3.114581,11.667456,11.487845,True,Mortgage Banking,87.375,2026-05-01
117,DK0002053115=,Nordea Kredit Realkreditaktieselskab,NDARFI,2.5,2053-01-01,2022-02-09,DK0002053115,Danish Krone,Denmark,Corporate,Saerligt Daekkede Realkreditobligation (Covered Bond),4.198478,10.965357,10.73872,True,Mortgage Banking,82.196,2026-05-01
118,DK0002053388=,Nordea Kredit Realkreditaktieselskab,NDARFI,2.5,2053-01-01,2022-02-09,DK0002053388,Danish Krone,Denmark,Corporate,Saerligt Daekkede Realkreditobligation (Covered Bond),3.642427,11.276557,11.07394,True,Mortgage Banking,87.402,2026-05-01
119,DK0002053461=,Nordea Kredit Realkreditaktieselskab,NDARFI,2.5,2053-04-01,2022-02-17,DK0002053461,Danish Krone,Denmark,Corporate,Saerligt Daekkede Realkreditobligation (Covered Bond),3.419299,11.490717,11.296739,True,Mortgage Banking,89.55,2026-05-01
120,DK0002053545=,Nordea Kredit Realkreditaktieselskab,NDARFI,2.0,2042-10-01,2022-02-17,DK0002053545,Danish Krone,Denmark,Corporate,Saerligt Daekkede Realkreditobligation (Covered Bond),3.179528,7.565368,7.4465,True,Mortgage Banking,91.25,2026-05-01
121,DK0002053628=,Nordea Kredit Realkreditaktieselskab,NDARFI,3.0,2053-04-01,2022-03-02,DK0002053628,Danish Krone,Denmark,Corporate,Saerligt Daekkede Realkreditobligation (Covered Bond),4.071393,11.117387,10.894459,True,Mortgage Banking,88.195,2026-05-01
122,DK0002053701=,Nordea Kredit Realkreditaktieselskab,NDARFI,3.0,2053-01-01,2022-03-16,DK0002053701,Danish Krone,Denmark,Corporate,Saerligt Daekkede Realkreditobligation (Covered Bond),3.658869,11.267284,11.063932,True,Mortgage Banking,92.408,2026-05-01
123,DK0002053891=,Nordea Kredit Realkreditaktieselskab,NDARFI,3.0,2053-04-01,2022-03-16,DK0002053891,Danish Krone,Denmark,Corporate,Saerligt Daekkede Realkreditobligation (Covered Bond),3.563994,11.407283,11.206673,True,Mortgage Banking,93.348,2026-05-01
124,DK0002053974=,Nordea Kredit Realkreditaktieselskab,NDARFI,3.5,2053-10-01,2022-03-17,DK0002053974,Danish Krone,Denmark,Corporate,Saerligt Daekkede Realkreditobligation (Covered Bond),,,,True,Mortgage Banking,,
125,DK0002054279=,Nordea Kredit Realkreditaktieselskab,NDARFI,2.35,2026-07-01,2022-03-31,DK0002054279,Danish Krone,Denmark,Corporate,Saerligt Daekkede Realkreditobligation (Covered Bond),2.302299,0.155556,0.155556,False,Mortgage Banking,99.984,2026-05-01
126,DK0002054352=,Nordea Kredit Realkreditaktieselskab,NDARFI,2.5,2043-10-01,2022-04-08,DK0002054352,Danish Krone,Denmark,Corporate,Saerligt Daekkede Realkreditobligation (Covered Bond),,,,True,Mortgage Banking,,
127,DK0002054436=,Nordea Kredit Realkreditaktieselskab,NDARFI,3.0,2043-07-01,2022-04-28,DK0002054436,Danish Krone,Denmark,Corporate,Saerligt Daekkede Realkreditobligation (Covered Bond),3.454514,7.807653,7.674504,True,Mortgage Banking,96.251,2026-05-01
128,DK0002054519=,Nordea Kredit Realkreditaktieselskab,NDARFI,4.0,2053-07-01,2022-04-28,DK0002054519,Danish Krone,Denmark,Corporate,Saerligt Daekkede Realkreditobligation (Covered Bond),4.212227,11.117289,10.886773,True,Mortgage Banking,97.025,2026-05-01
129,DK0002054782=,Nordea Kredit Realkreditaktieselskab,NDARFI,3.5,2053-10-01,2022-04-28,DK0002054782,Danish Krone,Denmark,Corporate,Saerligt Daekkede Realkreditobligation (Covered Bond),3.912374,11.372551,11.153284,True,Mortgage Banking,94.896,2026-05-01
130,DK0002054865=,Nordea Kredit Realkreditaktieselskab,NDARFI,3.5,2053-10-01,2022-04-28,DK0002054865,Danish Krone,Denmark,Corporate,Saerligt Daekkede Realkreditobligation (Covered Bond),3.875288,11.39444,11.176804,True,Mortgage Banking,95.295,2026-05-01
131,DK0002054949=,Nordea Kredit Realkreditaktieselskab,NDARFI,4.0,2053-10-01,2022-05-12,DK0002054949,Danish Krone,Denmark,Corporate,Saerligt Daekkede Realkreditobligation (Covered Bond),4.098661,11.262977,11.03564,True,Mortgage Banking,98.241,2026-05-01
132,DK0002055086=,Nordea Kredit Realkreditaktieselskab,NDARFI,4.0,2053-10-01,2022-05-12,DK0002055086,Danish Krone,Denmark,Corporate,Saerligt Daekkede Realkreditobligation (Covered Bond),4.13396,11.242286,11.013443,True,Mortgage Banking,97.854,2026-05-01
133,DK0002055599=,Nordea Kredit Realkreditaktieselskab,NDARFI,1.0,2028-04-01,2022-06-01,DK0002055599,Danish Krone,Denmark,Corporate,Saerligt Daekkede Realkreditobligation (Covered Bond),2.664906,1.895493,1.870713,False,Mortgage Banking,96.943,2026-05-01
134,DK0002055839=,Nordea Kredit Realkreditaktieselskab,NDARFI,5.0,2053-10-01,2022-06-17,DK0002055839,Danish Krone,Denmark,Corporate,Saerligt Daekkede Realkreditobligation (Covered Bond),4.732211,10.895304,10.64199,True,Mortgage Banking,101.91,2026-05-01
135,DK0002055912=,Nordea Kredit Realkreditaktieselskab,NDARFI,5.0,2053-10-01,2022-06-21,DK0002055912,Danish Krone,Denmark,Corporate,Saerligt Daekkede Realkreditobligation (Covered Bond),4.655595,10.939342,10.689051,True,Mortgage Banking,102.76,2026-05-01
136,DK0002056050=,Nordea Kredit Realkreditaktieselskab,NDARFI,5.0,2053-10-01,2022-06-21,DK0002056050,Danish Krone,Denmark,Corporate,Saerligt Daekkede Realkreditobligation (Covered Bond),4.69784,10.915045,10.663083,True,Mortgage Banking,102.29,2026-05-01
137,DK0002056134=,Nordea Kredit Realkreditaktieselskab,NDARFI,4.0,2043-10-01,2022-09-02,DK0002056134,Danish Krone,Denmark,Corporate,Saerligt Daekkede Realkreditobligation (Covered Bond),3.921154,7.792445,7.641866,True,Mortgage Banking,100.15,2026-05-01
138,DK0002056217=,Nordea Kredit Realkreditaktieselskab,NDARFI,6.0,2053-10-01,2022-10-03,DK0002056217,Danish Krone,Denmark,Corporate,Saerligt Daekkede Realkreditobligation (Covered Bond),5.4219,10.504488,10.225376,True,Mortgage Banking,104.7,2026-05-01
139,DK0002056480=,Nordea Kredit Realkreditaktieselskab,NDARFI,6.0,2053-10-01,2022-10-03,DK0002056480,Danish Krone,Denmark,Corporate,Saerligt Daekkede Realkreditobligation (Covered Bond),5.444855,10.491659,10.211732,True,Mortgage Banking,104.45,2026-05-01
140,DK0002056563=,Nordea Kredit Realkreditaktieselskab,NDARFI,7.0,2053-10-01,2022-10-19,DK0002056563,Danish Krone,Denmark,Corporate,Saerligt Daekkede Realkreditobligation (Covered Bond),6.163734,10.096062,9.791931,True,Mortgage Banking,106.674,2026-05-01
141,DK0002056803=,Nordea Kredit Realkreditaktieselskab,NDARFI,1.0,2027-01-01,2022-11-11,DK0002056803,Euro,Denmark,Corporate,Saerligt Daekkede Realkreditobligation (Covered Bond),2.86898,0.655556,0.643202,False,Mortgage Banking,98.757,2026-05-01
142,DK0002056993=,Nordea Kredit Realkreditaktieselskab,NDARFI,1.0,2028-01-01,2022-11-11,DK0002056993,Euro,Denmark,Corporate,Saerligt Daekkede Realkreditobligation (Covered Bond),2.912048,1.645468,1.621954,False,Mortgage Banking,96.941,2026-05-01
143,DK0002057108=,Nordea Kredit Realkreditaktieselskab,NDARFI,1.0,2028-10-01,2023-01-23,DK0002057108,Danish Krone,Denmark,Corporate,Saerligt Daekkede Realkreditobligation (Covered Bond),2.566696,2.375192,2.345251,False,Mortgage Banking,96.383,2026-05-01
144,DK0002058189=,Nordea Kredit Realkreditaktieselskab,NDARFI,2.47,2027-01-01,2023-04-03,DK0002058189,Danish Krone,Denmark,Corporate,Saerligt Daekkede Realkreditobligation (Covered Bond),2.250208,0.40471,0.155556,False,Mortgage Banking,100.126,2026-05-01
145,DK0002058262=,Nordea Kredit Realkreditaktieselskab,NDARFI,2.44,2027-01-01,2023-04-03,DK0002058262,Danish Krone,Denmark,Corporate,Saerligt Daekkede Realkreditobligation (Covered Bond),2.171819,0.404857,0.155556,False,Mortgage Banking,100.189,2026-05-01
146,DK0002058346=,Nordea Kredit Realkreditaktieselskab,NDARFI,5.0,2056-10-01,2023-05-22,DK0002058346,Danish Krone,Denmark,Corporate,Saerligt Daekkede Realkreditobligation (Covered Bond),4.699688,11.775458,11.503531,True,Mortgage Banking,102.45,2026-05-01
147,DK0002058429=,Nordea Kredit Realkreditaktieselskab,NDARFI,5.0,2056-10-01,2023-05-22,DK0002058429,Danish Krone,Denmark,Corporate,Saerligt Daekkede Realkreditobligation (Covered Bond),4.743264,11.745233,11.471533,True,Mortgage Banking,101.93,2026-05-01
148,DK0002058502=,Nordea Kredit Realkreditaktieselskab,NDARFI,4.0,2046-10-01,2023-07-03,DK0002058502,Danish Krone,Denmark,Corporate,Saerligt Daekkede Realkreditobligation (Covered Bond),3.943437,8.920941,8.747593,True,Mortgage Banking,99.975,2026-05-01
149,DK0002058692=,Nordea Kredit Realkreditaktieselskab,NDARFI,1.0,2029-04-01,2023-06-29,DK0002058692,Danish Krone,Denmark,Corporate,Saerligt Daekkede Realkreditobligation (Covered Bond),2.716398,2.87512,2.836831,False,Mortgage Banking,95.263,2026-05-01
150,DK0002059070=,Nordea Kredit Realkreditaktieselskab,NDARFI,5.0,2056-10-01,2023-08-09,DK0002059070,Danish Krone,Denmark,Corporate,Saerligt Daekkede Realkreditobligation (Covered Bond),4.792353,11.711252,11.435569,True,Mortgage Banking,101.349,2026-05-01
151,DK0002059153=,Nordea Kredit Realkreditaktieselskab,NDARFI,5.0,2046-10-01,2023-10-12,DK0002059153,Danish Krone,Denmark,Corporate,Saerligt Daekkede Realkreditobligation (Covered Bond),4.671116,8.678276,8.479062,True,Mortgage Banking,102.05,2026-05-01
152,DK0002059237=,Nordea Kredit Realkreditaktieselskab,NDARFI,4.0,2056-10-01,2023-10-12,DK0002059237,Danish Krone,Denmark,Corporate,Saerligt Daekkede Realkreditobligation (Covered Bond),4.128005,12.177113,11.929594,True,Mortgage Banking,97.748,2026-05-01
153,DK0002059310=,Nordea Kredit Realkreditaktieselskab,NDARFI,2.74,2027-01-01,2023-10-13,DK0002059310,Euro,Denmark,Corporate,Saerligt Daekkede Realkreditobligation (Covered Bond),2.903249,0.409585,0.158333,True,Mortgage Banking,99.8,2026-04-30
154,DK0002059583=,Nordea Kredit Realkreditaktieselskab,NDARFI,1.0,2029-10-01,2023-12-01,DK0002059583,Danish Krone,Denmark,Corporate,Saerligt Daekkede Realkreditobligation (Covered Bond),2.75572,3.344169,3.298986,False,Mortgage Banking,94.359,2026-05-01
155,DK0002059740=,Nordea Kredit Realkreditaktieselskab,NDARFI,1.0,2026-10-01,2023-12-01,DK0002059740,Danish Krone,Denmark,Corporate,Saerligt Daekkede Realkreditobligation (Covered Bond),2.426404,0.405556,0.401523,False,Mortgage Banking,99.404,2026-05-01
156,DK0002059906=,Nordea Kredit Realkreditaktieselskab,NDARFI,4.0,2056-10-01,2023-12-11,DK0002059906,Danish Krone,Denmark,Corporate,Saerligt Daekkede Realkreditobligation (Covered Bond),4.198116,12.127356,11.876726,True,Mortgage Banking,96.924,2026-05-01
157,DK0002060086=,Nordea Kredit Realkreditaktieselskab,NDARFI,4.0,2056-10-01,2023-12-11,DK0002060086,Danish Krone,Denmark,Corporate,Saerligt Daekkede Realkreditobligation (Covered Bond),4.325881,12.037032,11.78082,True,Mortgage Banking,95.449,2026-05-01
158,DK0002060243=,Nordea Kredit Realkreditaktieselskab,NDARFI,1.0,2027-01-01,2024-03-15,DK0002060243,Danish Krone,Denmark,Corporate,Saerligt Daekkede Realkreditobligation (Covered Bond),2.417104,0.655556,0.645117,False,Mortgage Banking,99.052,2026-05-01
159,DK0002060409=,Nordea Kredit Realkreditaktieselskab,NDARFI,1.0,2027-01-01,2024-03-15,DK0002060409,Euro,Denmark,Corporate,Saerligt Daekkede Realkreditobligation (Covered Bond),2.862834,0.655556,0.643228,False,Mortgage Banking,98.761,2026-05-01
160,DK0002060599=,Nordea Kredit Realkreditaktieselskab,NDARFI,2.29,2028-01-01,2024-04-12,DK0002060599,Danish Krone,Denmark,Corporate,Saerligt Daekkede Realkreditobligation (Covered Bond),2.194452,0.900682,0.155556,False,Mortgage Banking,100.316,2026-05-01
161,DK0002060672=,Nordea Kredit Realkreditaktieselskab,NDARFI,2.2305558,2027-01-01,2024-04-12,DK0002060672,Danish Krone,Denmark,Corporate,Saerligt Daekkede Realkreditobligation (Covered Bond),2.074441,0.404242,0.400063,False,Mortgage Banking,100.062,2026-05-01
162,DK0002060755=,Nordea Kredit Realkreditaktieselskab,NDARFI,1.0,2030-04-01,2024-06-14,DK0002060755,Danish Krone,Denmark,Corporate,Saerligt Daekkede Realkreditobligation (Covered Bond),2.796913,3.844114,3.791441,False,Mortgage Banking,93.435,2026-05-01
163,DK0002060912=,Nordea Kredit Realkreditaktieselskab,NDARFI,1.0,2027-04-01,2024-06-14,DK0002060912,Danish Krone,Denmark,Corporate,Saerligt Daekkede Realkreditobligation (Covered Bond),2.587312,0.905556,0.884514,False,Mortgage Banking,98.56,2026-05-01
164,DK0002061134=,Nordea Kredit Realkreditaktieselskab,NDARFI,3.0,2046-10-01,2024-08-07,DK0002061134,Danish Krone,Denmark,Corporate,Saerligt Daekkede Realkreditobligation (Covered Bond),3.656133,9.017681,8.855046,True,Mortgage Banking,93.925,2026-05-01
165,DK0002061217=,Nordea Kredit Realkreditaktieselskab,NDARFI,3.5,2056-10-01,2024-09-19,DK0002061217,Danish Krone,Denmark,Corporate,Saerligt Daekkede Realkreditobligation (Covered Bond),3.948745,12.304943,12.065528,True,Mortgage Banking,94.051,2026-05-01
166,DK0002061480=,Nordea Kredit Realkreditaktieselskab,NDARFI,2.69,2028-01-01,2024-10-28,DK0002061480,Euro,Denmark,Corporate,Saerligt Daekkede Realkreditobligation (Covered Bond),3.011718,0.902017,0.158333,False,Mortgage Banking,99.35,2026-04-30
167,DK0002061563=,Nordea Kredit Realkreditaktieselskab,NDARFI,3.5,2056-10-01,2024-12-05,DK0002061563,Danish Krone,Denmark,Corporate,Saerligt Daekkede Realkreditobligation (Covered Bond),4.063494,12.223016,11.978388,True,Mortgage Banking,92.745,2026-05-01
168,DK0002061647=,Nordea Kredit Realkreditaktieselskab,NDARFI,1.0,2030-10-01,2024-12-18,DK0002061647,Danish Krone,Denmark,Corporate,Saerligt Daekkede Realkreditobligation (Covered Bond),2.848089,4.302189,4.242165,False,Mortgage Banking,92.441,2026-05-01
169,DK0002061720=,Nordea Kredit Realkreditaktieselskab,NDARFI,1.0,2026-10-01,2024-12-18,DK0002061720,Danish Krone,Denmark,Corporate,Saerligt Daekkede Realkreditobligation (Covered Bond),2.409322,0.405556,0.401551,False,Mortgage Banking,99.411,2026-05-01
170,DK0002061803=,Nordea Kredit Realkreditaktieselskab,NDARFI,1.0,2027-10-01,2024-12-18,DK0002061803,Danish Krone,Denmark,Corporate,Saerligt Daekkede Realkreditobligation (Covered Bond),2.640482,1.395495,1.377394,False,Mortgage Banking,97.758,2026-05-01
171,DK0002061993=,Nordea Kredit Realkreditaktieselskab,NDARFI,1.0,2026-10-01,2024-12-18,DK0002061993,Euro,Denmark,Corporate,Saerligt Daekkede Realkreditobligation (Covered Bond),3.036656,0.408333,0.403231,False,Mortgage Banking,99.149,2026-04-30
172,DK0002062025=,Nordea Kredit Realkreditaktieselskab,NDARFI,2.42,2028-07-01,2025-04-04,DK0002062025,Danish Krone,Denmark,Corporate,Saerligt Daekkede Realkreditobligation (Covered Bond),1.615914,1.148973,0.155556,False,Mortgage Banking,100.421,2026-05-01
173,DK0002062108=,Nordea Kredit Realkreditaktieselskab,NDARFI,2.32,2028-07-01,2025-04-04,DK0002062108,Danish Krone,Denmark,Corporate,Saerligt Daekkede Realkreditobligation (Covered Bond),2.01476,1.15045,0.155556,False,Mortgage Banking,100.559,2026-05-01
174,DK0002062298=,Nordea Kredit Realkreditaktieselskab,NDARFI,2.6767,2031-07-01,2025-04-04,DK0002062298,Danish Krone,Denmark,Corporate,Saerligt Daekkede Realkreditobligation (Covered Bond),2.665218,2.595612,0.178483,True,Mortgage Banking,99.7,2026-05-01
175,DK0002062371=,Nordea Kredit Realkreditaktieselskab,NDARFI,1.0,2027-01-01,2025-04-15,DK0002062371,Danish Krone,Denmark,Corporate,Saerligt Daekkede Realkreditobligation (Covered Bond),2.502677,0.655556,0.644753,False,Mortgage Banking,98.996,2026-05-01
176,DK0002062454=,Nordea Kredit Realkreditaktieselskab,NDARFI,1.0,2028-01-01,2025-04-15,DK0002062454,Danish Krone,Denmark,Corporate,Saerligt Daekkede Realkreditobligation (Covered Bond),2.798105,1.645479,1.622866,False,Mortgage Banking,97.119,2026-05-01
177,DK0002062538=,Nordea Kredit Realkreditaktieselskab,NDARFI,1.0,2027-01-01,2025-04-15,DK0002062538,Euro,Denmark,Corporate,Saerligt Daekkede Realkreditobligation (Covered Bond),2.588347,0.655556,0.64439,False,Mortgage Banking,98.94,2026-05-01
178,DK0002062611=,Nordea Kredit Realkreditaktieselskab,NDARFI,1.0,2027-04-01,2025-06-19,DK0002062611,Danish Krone,Denmark,Corporate,Saerligt Daekkede Realkreditobligation (Covered Bond),2.407014,0.905556,0.885948,False,Mortgage Banking,98.72,2026-05-01
179,DK0002062884=,Nordea Kredit Realkreditaktieselskab,NDARFI,1.0,2028-04-01,2025-06-19,DK0002062884,Danish Krone,Denmark,Corporate,Saerligt Daekkede Realkreditobligation (Covered Bond),2.815831,1.895478,1.869324,False,Mortgage Banking,96.673,2026-05-01
180,DK0002062967=,Nordea Kredit Realkreditaktieselskab,NDARFI,1.0,2031-04-01,2025-06-19,DK0002062967,Danish Krone,Denmark,Corporate,Saerligt Daekkede Realkreditobligation (Covered Bond),2.829189,4.802247,4.735705,False,Mortgage Banking,91.727,2026-05-01
181,DK0002063189=,Nordea Kredit Realkreditaktieselskab,NDARFI,1.0,2027-04-01,2025-06-19,DK0002063189,Euro,Denmark,Corporate,Saerligt Daekkede Realkreditobligation (Covered Bond),2.888354,0.905556,0.882129,False,Mortgage Banking,98.294,2026-05-01
182,DK0002063262=,Nordea Kredit Realkreditaktieselskab,NDARFI,1.0,2032-04-01,2025-07-02,DK0002063262,Danish Krone,Denmark,Corporate,Saerligt Daekkede Realkreditobligation (Covered Bond),3.0159,5.748345,5.663557,False,Mortgage Banking,89.239,2026-05-01
183,DK0002063346=,Nordea Kredit Realkreditaktieselskab,NDARFI,1.0,2033-04-01,2025-07-02,DK0002063346,Danish Krone,Denmark,Corporate,Saerligt Daekkede Realkreditobligation (Covered Bond),3.105677,6.682675,6.581241,False,Mortgage Banking,87.088,2026-05-01
184,DK0002063429=,Nordea Kredit Realkreditaktieselskab,NDARFI,1.0,2034-04-01,2025-07-02,DK0002063429,Danish Krone,Denmark,Corporate,Saerligt Daekkede Realkreditobligation (Covered Bond),3.333812,7.602408,7.478745,False,Mortgage Banking,84.009,2026-05-01
185,DK0002063502=,Nordea Kredit Realkreditaktieselskab,NDARFI,1.0,2035-04-01,2025-07-02,DK0002063502,Danish Krone,Denmark,Corporate,Saerligt Daekkede Realkreditobligation (Covered Bond),3.334748,8.51167,8.373181,False,Mortgage Banking,82.26,2026-05-01
186,DK0002063692=,Nordea Kredit Realkreditaktieselskab,NDARFI,1.0,2036-04-01,2025-07-02,DK0002063692,Danish Krone,Denmark,Corporate,Saerligt Daekkede Realkreditobligation (Covered Bond),3.432866,9.405268,9.247852,False,Mortgage Banking,79.856,2026-05-01
187,DK0002063775=,Nordea Kredit Realkreditaktieselskab,NDARFI,1.0,2031-10-01,2025-07-02,DK0002063775,Danish Krone,Denmark,Corporate,Saerligt Daekkede Realkreditobligation (Covered Bond),2.970471,5.248587,5.172289,False,Mortgage Banking,90.284,2026-05-01
188,DK0002063858=,Nordea Kredit Realkreditaktieselskab,NDARFI,1.0,2032-10-01,2025-07-02,DK0002063858,Danish Krone,Denmark,Corporate,Saerligt Daekkede Realkreditobligation (Covered Bond),3.056256,6.183115,6.090701,False,Mortgage Banking,88.192,2026-05-01
189,DK0002063932=,Nordea Kredit Realkreditaktieselskab,NDARFI,1.0,2033-10-01,2025-07-02,DK0002063932,Danish Krone,Denmark,Corporate,Saerligt Daekkede Realkreditobligation (Covered Bond),3.157953,7.104863,6.995227,False,Mortgage Banking,85.938,2026-05-01
190,DK0002064070=,Nordea Kredit Realkreditaktieselskab,NDARFI,1.0,2034-10-01,2025-07-02,DK0002064070,Danish Krone,Denmark,Corporate,Saerligt Daekkede Realkreditobligation (Covered Bond),3.263888,8.013113,7.885418,False,Mortgage Banking,83.581,2026-05-01
191,DK0002064153=,Nordea Kredit Realkreditaktieselskab,NDARFI,1.0,2035-10-01,2025-07-02,DK0002064153,Danish Krone,Denmark,Corporate,Saerligt Daekkede Realkreditobligation (Covered Bond),3.369841,8.907076,8.760645,False,Mortgage Banking,81.157,2026-05-01
192,DK0002064237=,Nordea Kredit Realkreditaktieselskab,NDARFI,2.34,2029-01-01,2025-09-17,DK0002064237,Danish Krone,Denmark,Corporate,Saerligt Daekkede Realkreditobligation (Covered Bond),1.779145,1.393868,0.155556,False,Mortgage Banking,100.257,2026-05-01
193,DK0002064310=,Nordea Kredit Realkreditaktieselskab,NDARFI,1.0,2036-10-01,2025-12-12,DK0002064310,Danish Krone,Denmark,Corporate,Saerligt Daekkede Realkreditobligation (Covered Bond),3.494411,9.785101,9.618444,False,Mortgage Banking,78.54,2026-05-01
194,DK0002064583=,Nordea Kredit Realkreditaktieselskab,NDARFI,1.0,2027-10-01,2025-12-12,DK0002064583,Danish Krone,Denmark,Corporate,Saerligt Daekkede Realkreditobligation (Covered Bond),2.679314,1.395491,1.377129,False,Mortgage Banking,97.706,2026-05-01
195,DK0002064666=,Nordea Kredit Realkreditaktieselskab,NDARFI,1.0,2028-10-01,2025-12-12,DK0002064666,Danish Krone,Denmark,Corporate,Saerligt Daekkede Realkreditobligation (Covered Bond),2.716072,2.375119,2.343472,False,Mortgage Banking,96.048,2026-05-01
196,DK0002064740=,Nordea Kredit Realkreditaktieselskab,NDARFI,1.0,2027-10-01,2025-12-12,DK0002064740,Euro,Denmark,Corporate,Saerligt Daekkede Realkreditobligation (Covered Bond),3.007054,1.395459,1.374901,False,Mortgage Banking,97.269,2026-05-01
197,DK0002064823=,Nordea Kredit Realkreditaktieselskab,NDARFI,1.0,2032-01-01,2026-03-23,DK0002064823,Danish Krone,Denmark,Corporate,Saerligt Daekkede Obligation (Covered Bond),3.093335,5.497913,5.414732,False,Mortgage Banking,89.278,2026-05-01
198,DK0002064906=,Nordea Kredit Realkreditaktieselskab,NDARFI,1.0,2028-01-01,2026-03-23,DK0002064906,Danish Krone,Denmark,Corporate,Saerligt Daekkede Realkreditobligation (Covered Bond),2.69597,1.645489,1.623685,False,Mortgage Banking,97.279,2026-05-01
199,DK0002065044=,Nordea Kredit Realkreditaktieselskab,NDARFI,1.0,2029-01-01,2026-03-23,DK0002065044,Danish Krone,Denmark,Corporate,Saerligt Daekkede Realkreditobligation (Covered Bond),2.830024,2.625063,2.588623,False,Mortgage Banking,95.37,2026-05-01
200,DK0002065127=,Nordea Kredit Realkreditaktieselskab,NDARFI,1.0,2028-01-01,2026-03-23,DK0002065127,Euro,Denmark,Corporate,Saerligt Daekkede Realkreditobligation (Covered Bond),3.06428,1.645453,1.620738,False,Mortgage Banking,96.704,2026-05-01
201,DK0002065200=,Nordea Kredit Realkreditaktieselskab,NDARFI,1.0,2029-01-01,2026-03-23,DK0002065200,Euro,Denmark,Corporate,Saerligt Daekkede Realkreditobligation (Covered Bond),3.056862,2.624952,2.585659,False,Mortgage Banking,94.817,2026-05-01
202,DK0002065390=CO,Nordea Kredit Realkreditaktieselskab,NDARFI,1.0,2030-01-01,2026-03-23,DK0002065390,Euro,Denmark,Corporate,Saerligt Daekkede Realkreditobligation (Covered Bond),,,,False,Mortgage Banking,,
203,DK0002065473=,Nordea Kredit Realkreditaktieselskab,NDARFI,2.25,2030-01-01,2026-03-24,DK0002065473,Danish Krone,Denmark,Corporate,Saerligt Daekkede Realkreditobligation (Covered Bond),1.475773,2.092305,0.405556,False,Mortgage Banking,102.227,2026-05-01
204,DK0002065556=,Nordea Kredit Realkreditaktieselskab,NDARFI,2.25,2030-01-01,2026-03-24,DK0002065556,Danish Krone,Denmark,Corporate,Saerligt Daekkede Realkreditobligation (Covered Bond),1.475773,2.092305,0.405556,False,Mortgage Banking,102.227,2026-05-01
205,DK0003206688=,Realkredit Danmark A/S,DANSKT,6.0,2026-10-01,1993-07-28,DK0003206688,Danish Krone,Denmark,Corporate,Realkreditobligation (Covered bond (Denmark pre-2008)),4.02888,0.279927,0.274352,True,Banking,100.5,2026-05-01
206,DK0003210870=,Realkredit Danmark A/S,DANSKT,6.0,2029-10-01,1996-09-01,DK0003210870,Danish Krone,Denmark,Corporate,Realkreditobligation (Covered bond (Denmark pre-2008)),4.197735,1.738134,1.702198,True,Banking,102.9,2026-05-01
207,DK0003210953=,Realkredit Danmark A/S,DANSKT,6.0,2029-10-01,1996-09-02,DK0003210953,Danish Krone,Denmark,Corporate,Realkreditobligation,,,,False,Banking,,
208,DK0003211415=,Realkredit Danmark A/S,DANSKT,7.0,2029-10-01,1996-09-01,DK0003211415,Danish Krone,Denmark,Corporate,Realkreditobligation (Covered bond (Denmark pre-2008)),4.132125,1.738794,1.703397,True,Banking,104.7,2026-05-01
209,DK0003211928=,Realkredit Danmark A/S,DANSKT,8.0,2027-01-01,1996-09-01,DK0003211928,Danish Krone,Denmark,Corporate,Realkreditobligation (Covered bond (Denmark pre-2008)),8.334339,0.40211,0.385822,True,Banking,99.75,2026-05-01
210,DK0003213544=,Realkredit Danmark A/S,DANSKT,5.0,2029-07-01,1998-06-24,DK0003213544,Danish Krone,Denmark,Corporate,Realkreditobligation (Covered bond (Denmark pre-2008)),3.672154,1.623558,1.594135,True,Banking,102.0,2026-05-01
211,DK0003215168=,Realkredit Danmark A/S,DANSKT,5.0,2030-04-01,1999-03-17,DK0003215168,Danish Krone,Denmark,Corporate,Realkreditobligation (Covered bond (Denmark pre-2008)),3.448832,1.984938,1.951129,True,Banking,102.9,2026-05-01
212,DK0003215242=,Realkredit Danmark A/S,DANSKT,6.0,2031-07-01,1999-03-17,DK0003215242,Danish Krone,Denmark,Corporate,Realkreditobligation (Covered bond (Denmark pre-2008)),3.711082,2.570921,2.523854,True,Banking,105.6,2026-05-01
213,DK0003215838=,Realkredit Danmark A/S,DANSKT,7.0,2031-10-01,1999-07-07,DK0003215838,Danish Krone,Denmark,Corporate,Realkreditobligation (Covered bond (Denmark pre-2008)),4.697637,2.663153,2.601661,True,Banking,105.7,2026-05-01
214,DK0003216059=,Realkredit Danmark A/S,DANSKT,8.0,2031-01-01,1999-08-11,DK0003216059,Danish Krone,Denmark,Corporate,Realkreditobligation (Covered bond (Denmark pre-2008)),6.986425,2.275866,2.198366,True,Banking,101.75,2026-05-01
215,DK0003455988=,Selskabet Af 1 September 2008 A/S,SELSE,5.31,,2004-12-14,DK0003455988,Danish Krone,Denmark,Corporate,Bond,,,,True,Banking,,
216,DK0004132404=,Danmarks Skibskredit A/S,DANKKS,2.7367,2028-01-01,2018-07-19,DK0004132404,Danish Krone,Denmark,Corporate,Covered Bond (Other),2.56197,1.618469,0.155556,False,Mortgage Banking,100.798,2026-05-01
217,DK0004132750=,Danmarks Skibskredit A/S,DANKKS,1.0,2027-01-01,2020-02-07,DK0004132750,Danish Krone,Denmark,Corporate,Covered Bond (Other),3.032006,0.655556,0.642514,False,Mortgage Banking,98.651,2026-05-01
218,DK0004132917=,Danmarks Skibskredit A/S,DANKKS,1.0,2030-01-01,2021-03-12,DK0004132917,Danish Krone,Denmark,Corporate,Covered Bond (Other),3.35153,3.593348,3.534528,False,Mortgage Banking,92.021,2026-05-01
219,DK0004133055=,Danmarks Skibskredit A/S,DANKKS,2.7367,2029-01-01,2021-03-12,DK0004133055,Danish Krone,Denmark,Corporate,Covered Bond (Other),2.703431,2.551203,0.155556,False,Mortgage Banking,100.93,2026-05-01
220,DK0004133139=,Danmarks Skibskredit A/S,DANKKS,0.25,2028-06-21,2021-10-21,DK0004133139,Euro,Denmark,Corporate,Saerligt Daekkede Obligation (Covered Bond),3.140555,2.119941,2.087401,False,Mortgage Banking,94.136,2026-05-01
221,DK0004133485=,Danmarks Skibskredit A/S,DANKKS,2.7367,2027-01-01,2023-02-24,DK0004133485,Danish Krone,Denmark,Corporate,Covered Bond (Other),2.694794,0.657041,0.155556,False,Mortgage Banking,100.21,2026-05-01
222,DK0004133568=,Danmarks Skibskredit A/S,DANKKS,2.7367,2030-01-01,2023-02-24,DK0004133568,Danish Krone,Denmark,Corporate,Covered Bond (Other),2.772701,3.458658,0.155556,False,Mortgage Banking,101.034,2026-05-01
223,DK0004133725=,Danmarks Skibskredit A/S,DANKKS,4.375,2026-10-19,2023-10-19,DK0004133725,Euro,Denmark,Corporate,Covered Bond (Other),2.773258,0.455556,0.449769,False,Mortgage Banking,100.676,2026-05-01
224,DK0004133808=,Danmarks Skibskredit A/S,DANKKS,1.0,2028-01-01,2023-10-23,DK0004133808,Danish Krone,Denmark,Corporate,Covered Bond (Other),2.968503,1.645463,1.621503,False,Mortgage Banking,96.853,2026-05-01
225,DK0004133998=,Danmarks Skibskredit A/S,DANKKS,1.0,2033-01-01,2023-10-23,DK0004133998,Danish Krone,Denmark,Corporate,Covered Bond (Other),3.646957,6.427723,6.313543,False,Mortgage Banking,84.591,2026-05-01
226,DK0004134020=,Danmarks Skibskredit A/S,DANKKS,3.25,2031-03-25,2025-03-25,DK0004134020,Euro,Denmark,Corporate,Saerligt Daekkede Obligation (Covered Bond),3.505686,4.581816,4.503576,False,Mortgage Banking,98.864,2026-05-01
227,DK0004134103=,Danmarks Skibskredit A/S,DANKKS,2.7367,2031-01-01,2025-12-12,DK0004134103,Danish Krone,Denmark,Corporate,Saerligt Daekkede Obligation (Covered Bond),,,,False,Mortgage Banking,101.399,2026-04-30
228,DK0004602224=,Realkredit Danmark A/S,DANSKT,1.0,2027-01-01,2015-11-17,DK0004602224,Euro,Denmark,Corporate,Saerligt Daekkede Realkreditobligation (Covered Bond),3.149109,0.655556,0.642021,False,Banking,98.575,2026-05-01
229,DK0004602570=,Realkredit Danmark A/S,DANSKT,1.0,2027-04-01,2016-01-27,DK0004602570,Danish Krone,Denmark,Corporate,Saerligt Daekkede Realkreditobligation (Covered Bond),2.587312,0.905556,0.884514,False,Banking,98.56,2026-05-01
230,DK0004602810=,Realkredit Danmark A/S,DANSKT,1.0,2027-04-01,2016-01-27,DK0004602810,Euro,Denmark,Corporate,Saerligt Daekkede Realkreditobligation (Covered Bond),2.888354,0.905556,0.882129,False,Banking,98.294,2026-05-01
231,DK0004603891=,Realkredit Danmark A/S,DANSKT,1.0,2028-01-01,2016-11-08,DK0004603891,Danish Krone,Denmark,Corporate,Saerligt Daekkede Realkreditobligation (Covered Bond),2.568679,1.645502,1.624707,False,Banking,97.479,2026-05-01
232,DK0004604196=,Realkredit Danmark A/S,DANSKT,1.0,2028-04-01,2016-11-08,DK0004604196,Danish Krone,Denmark,Corporate,Saerligt Daekkede Realkreditobligation (Covered Bond),2.414788,1.895517,1.873022,False,Banking,97.393,2026-05-01
233,DK0004604436=,Realkredit Danmark A/S,DANSKT,1.0,2028-01-01,2016-11-08,DK0004604436,Euro,Denmark,Corporate,Saerligt Daekkede Realkreditobligation (Covered Bond),3.248785,1.645435,1.619267,False,Banking,96.418,2026-05-01
234,DK0004604865=,Realkredit Danmark A/S,DANSKT,1.0,2028-04-01,2016-11-08,DK0004604865,Euro,Denmark,Corporate,Saerligt Daekkede Realkreditobligation (Covered Bond),2.830959,1.895477,1.869185,False,Banking,96.646,2026-05-01
235,DK0004605839=,Realkredit Danmark A/S,DANSKT,0.5,2030-07-01,2017-06-12,DK0004605839,Danish Krone,Denmark,Corporate,Saerligt Daekkede Realkreditobligation (Covered Bond),1.547256,2.132382,2.115972,True,Banking,97.785,2026-05-01
236,DK0004605912=,Realkredit Danmark A/S,DANSKT,1.0,2035-07-01,2017-06-12,DK0004605912,Danish Krone,Denmark,Corporate,Saerligt Daekkede Realkreditobligation (Covered Bond),2.471853,4.480089,4.425215,True,Banking,93.55,2026-05-01
237,DK0004606050=,Realkredit Danmark A/S,DANSKT,1.5,2040-07-01,2017-06-12,DK0004606050,Danish Krone,Denmark,Corporate,Saerligt Daekkede Realkreditobligation (Covered Bond),3.049155,6.643215,6.543065,True,Banking,90.025,2026-05-01
238,DK0004606134=,Realkredit Danmark A/S,DANSKT,2.0,2050-07-01,2017-06-12,DK0004606134,Danish Krone,Denmark,Corporate,Saerligt Daekkede Realkreditobligation (Covered Bond),3.35582,10.535556,10.360962,True,Banking,86.225,2026-05-01
239,DK0004606217=,Realkredit Danmark A/S,DANSKT,2.5,2048-04-01,2017-06-12,DK0004606217,Danish Krone,Denmark,Corporate,Saerligt Daekkede Realkreditobligation (Covered Bond),3.330787,9.704459,9.544821,True,Banking,91.95,2026-05-01
240,DK0004606563=,Realkredit Danmark A/S,DANSKT,2.0,2050-07-01,2017-08-28,DK0004606563,Danish Krone,Denmark,Corporate,Saerligt Daekkede Realkreditobligation (Covered Bond),3.467511,10.483078,10.303646,True,Banking,85.225,2026-05-01
241,DK0004606993=,Realkredit Danmark A/S,DANSKT,1.0,2029-01-01,2017-11-03,DK0004606993,Danish Krone,Denmark,Corporate,Saerligt Daekkede Realkreditobligation (Covered Bond),2.696745,2.625128,2.59037,False,Banking,95.697,2026-05-01
242,DK0004607298=,Realkredit Danmark A/S,DANSKT,1.0,2029-01-01,2017-11-03,DK0004607298,Euro,Denmark,Corporate,Saerligt Daekkede Realkreditobligation (Covered Bond),3.288857,2.624839,2.582636,False,Banking,94.256,2026-05-01
243,DK0004607538=,Realkredit Danmark A/S,DANSKT,1.0,2029-04-01,2017-11-03,DK0004607538,Danish Krone,Denmark,Corporate,Saerligt Daekkede Realkreditobligation (Covered Bond),2.716398,2.87512,2.836831,False,Banking,95.263,2026-05-01
244,DK0004607967=,Realkredit Danmark A/S,DANSKT,1.0,2029-04-01,2017-11-03,DK0004607967,Euro,Denmark,Corporate,Saerligt Daekkede Realkreditobligation (Covered Bond),,,,False,Banking,,
245,DK0004608189=,Realkredit Danmark A/S,DANSKT,1.5,2050-10-01,2017-12-05,DK0004608189,Danish Krone,Denmark,Corporate,Saerligt Daekkede Realkreditobligation (Covered Bond),3.374407,10.61843,10.441501,True,Banking,81.251,2026-05-01
246,DK0004609237=,Realkredit Danmark A/S,DANSKT,1.0,2027-04-01,2018-04-12,DK0004609237,Danish Krone,Denmark,Corporate,Saerligt Daekkede Realkreditobligation (Covered Bond),2.276663,0.905556,0.886989,False,Banking,98.836,2026-05-01
247,DK0004609310=,Realkredit Danmark A/S,DANSKT,1.0,2028-04-01,2018-04-12,DK0004609310,Danish Krone,Denmark,Corporate,Saerligt Daekkede Realkreditobligation (Covered Bond),2.284872,1.89553,1.874224,False,Banking,97.628,2026-05-01
248,DK0004609583=,Realkredit Danmark A/S,DANSKT,1.0,2029-04-01,2018-04-12,DK0004609583,Danish Krone,Denmark,Corporate,Saerligt Daekkede Realkreditobligation (Covered Bond),2.426274,2.875261,2.840987,False,Banking,96.042,2026-05-01
249,DK0004610243=,Realkredit Danmark A/S,DANSKT,1.0,2030-01-01,2018-11-06,DK0004610243,Danish Krone,Denmark,Corporate,Saerligt Daekkede Realkreditobligation (Covered Bond),2.771676,3.594145,3.545285,False,Banking,93.91,2026-05-01
250,DK0004610599=,Realkredit Danmark A/S,DANSKT,1.0,2030-04-01,2018-11-06,DK0004610599,Danish Krone,Denmark,Corporate,Saerligt Daekkede Realkreditobligation (Covered Bond),2.796913,3.844114,3.791441,False,Banking,93.435,2026-05-01
251,DK0004610839=,Realkredit Danmark A/S,DANSKT,1.0,2030-01-01,2018-11-06,DK0004610839,Euro,Denmark,Corporate,Saerligt Daekkede Realkreditobligation (Covered Bond),2.967971,3.593876,3.541634,False,Banking,93.265,2026-05-01
252,DK0004611134=,Realkredit Danmark A/S,DANSKT,1.0,2030-04-01,2018-11-06,DK0004611134,Euro,Denmark,Corporate,Saerligt Daekkede Realkreditobligation (Covered Bond),2.987559,3.843853,3.787671,False,Banking,92.771,2026-05-01
253,DK0004611647=,Realkredit Danmark A/S,DANSKT,1.0,2030-04-01,2018-11-06,DK0004611647,Danish Krone,Denmark,Corporate,Saerligt Daekkede Realkreditobligation (Covered Bond),,,,False,Banking,,
254,DK0004611720=,Realkredit Danmark A/S,DANSKT,1.0,2040-07-01,2019-01-29,DK0004611720,Danish Krone,Denmark,Corporate,Saerligt Daekkede Realkreditobligation (Covered Bond),3.165754,6.623828,6.520196,True,Banking,86.325,2026-05-01
255,DK0004611803=,Realkredit Danmark A/S,DANSKT,1.5,2050-10-01,2019-02-13,DK0004611803,Danish Krone,Denmark,Corporate,Saerligt Daekkede Realkreditobligation (Covered Bond),3.561031,10.529102,10.344086,True,Banking,79.674,2026-05-01
256,DK0004612025=,Realkredit Danmark A/S,DANSKT,0.5,2035-10-01,2019-03-13,DK0004612025,Danish Krone,Denmark,Corporate,Saerligt Daekkede Realkreditobligation (Covered Bond),2.433545,4.598334,4.542877,True,Banking,91.385,2026-05-01
257,DK0004612454=,Realkredit Danmark A/S,DANSKT,1.0,2050-10-01,2019-03-29,DK0004612454,Danish Krone,Denmark,Corporate,Saerligt Daekkede Realkreditobligation (Covered Bond),3.431229,10.591193,10.411783,True,Banking,76.25,2026-05-01
258,DK0004612884=,Realkredit Danmark A/S,DANSKT,1.0,2050-10-01,2019-06-04,DK0004612884,Danish Krone,Denmark,Corporate,Saerligt Daekkede Realkreditobligation (Covered Bond),3.718029,10.454252,10.262563,True,Banking,74.0,2026-05-01
259,DK0004612967=,Realkredit Danmark A/S,DANSKT,0.5,2040-10-01,2019-06-04,DK0004612967,Danish Krone,Denmark,Corporate,Saerligt Daekkede Realkreditobligation (Covered Bond),3.232154,6.71865,6.611357,True,Banking,82.75,2026-05-01
260,DK0004613189=,Realkredit Danmark A/S,DANSKT,0.5,2050-10-01,2019-08-02,DK0004613189,Danish Krone,Denmark,Corporate,Saerligt Daekkede Realkreditobligation (Covered Bond),3.432861,10.590411,10.41093,True,Banking,71.87,2026-05-01
261,DK0004613262=,Realkredit Danmark A/S,DANSKT,0.5,2050-10-01,2019-08-08,DK0004613262,Danish Krone,Denmark,Corporate,Saerligt Daekkede Realkreditobligation (Covered Bond),3.698619,10.463491,10.272621,True,Banking,69.903,2026-05-01
262,DK0004613346=,Realkredit Danmark A/S,DANSKT,0.0,2035-10-01,2019-08-16,DK0004613346,Danish Krone,Denmark,Corporate,Saerligt Daekkede Realkreditobligation (Covered Bond),2.419521,4.599379,4.544226,True,Banking,89.301,2026-05-01
263,DK0004613429=,Realkredit Danmark A/S,DANSKT,0.0,2040-10-01,2019-08-16,DK0004613429,Danish Krone,Denmark,Corporate,Saerligt Daekkede Realkreditobligation (Covered Bond),3.013592,6.756259,6.655579,True,Banking,80.999,2026-05-01
264,DK0004614153=,Realkredit Danmark A/S,DANSKT,1.0,2031-01-01,2019-11-12,DK0004614153,Danish Krone,Denmark,Corporate,Saerligt Daekkede Realkreditobligation (Covered Bond),2.863942,4.552138,4.488255,False,Banking,91.972,2026-05-01
265,DK0004614583=,Realkredit Danmark A/S,DANSKT,1.0,2031-04-01,2019-11-12,DK0004614583,Danish Krone,Denmark,Corporate,Saerligt Daekkede Realkreditobligation (Covered Bond),2.889209,4.802071,4.73415,False,Banking,91.47,2026-05-01
266,DK0004614823=,Realkredit Danmark A/S,DANSKT,1.0,2031-01-01,2019-11-12,DK0004614823,Euro,Denmark,Corporate,Saerligt Daekkede Realkreditobligation (Covered Bond),3.040859,4.551617,4.483882,False,Banking,91.252,2026-05-01
267,DK0004615127=,Realkredit Danmark A/S,DANSKT,1.0,2031-04-01,2019-11-12,DK0004615127,Euro,Denmark,Corporate,Saerligt Daekkede Realkreditobligation (Covered Bond),3.163173,4.801262,4.727062,False,Banking,90.308,2026-05-01
268,DK0004615556=,Realkredit Danmark A/S,DANSKT,1.0,2031-04-01,2019-11-12,DK0004615556,Danish Krone,Denmark,Corporate,Saerligt Daekkede Realkreditobligation (Covered Bond),,,,False,Banking,,
269,DK0004616018=,Realkredit Danmark A/S,DANSKT,1.0,2053-04-01,2020-06-11,DK0004616018,Danish Krone,Denmark,Corporate,Saerligt Daekkede Realkreditobligation (Covered Bond),3.640871,11.363089,11.159003,True,Banking,72.646,2026-05-01
270,DK0004616281=,Realkredit Danmark A/S,DANSKT,1.0,2053-10-01,2020-06-11,DK0004616281,Danish Krone,Denmark,Corporate,Saerligt Daekkede Realkreditobligation (Covered Bond),3.21723,11.786797,11.59944,True,Banking,75.9,2026-05-01
271,DK0004616364=,Realkredit Danmark A/S,DANSKT,0.5,2043-10-01,2020-06-11,DK0004616364,Danish Krone,Denmark,Corporate,Saerligt Daekkede Realkreditobligation (Covered Bond),2.952745,8.033111,7.915798,True,Banking,81.55,2026-05-01
272,DK0004616448=,Realkredit Danmark A/S,DANSKT,0.5,2038-07-01,2020-06-11,DK0004616448,Danish Krone,Denmark,Corporate,Saerligt Daekkede Realkreditobligation (Covered Bond),2.40827,5.855803,5.785911,True,Banking,89.25,2026-05-01
273,DK0004616521=,Realkredit Danmark A/S,DANSKT,0.0,2033-10-01,2020-06-11,DK0004616521,Danish Krone,Denmark,Corporate,Saerligt Daekkede Realkreditobligation (Covered Bond),2.035158,3.685515,3.648286,True,Banking,92.7,2026-05-01
274,DK0004616604=,Realkredit Danmark A/S,DANSKT,0.5,2053-10-01,2020-06-18,DK0004616604,Danish Krone,Denmark,Corporate,Saerligt Daekkede Realkreditobligation (Covered Bond),3.491831,11.622188,11.421883,True,Banking,68.825,2026-05-01
275,DK0004616794=,Realkredit Danmark A/S,DANSKT,1.0,2053-07-01,2020-08-28,DK0004616794,Danish Krone,Denmark,Corporate,Saerligt Daekkede Realkreditobligation (Covered Bond),5.428979,10.432897,10.155333,True,Banking,59.7,2026-05-01
276,DK0004616877=,Realkredit Danmark A/S,DANSKT,0.0,2038-10-01,2020-09-07,DK0004616877,Danish Krone,Denmark,Corporate,Saerligt Daekkede Realkreditobligation (Covered Bond),2.383484,5.971651,5.901104,True,Banking,86.45,2026-05-01
277,DK0004616950=,Realkredit Danmark A/S,DANSKT,-0.5,2033-10-01,2020-10-06,DK0004616950,Danish Krone,Denmark,Corporate,Saerligt Daekkede Realkreditobligation (Covered Bond),2.060114,3.684354,3.646683,True,Banking,90.875,2026-05-01
278,DK0004617255=,Realkredit Danmark A/S,DANSKT,1.0,2032-01-01,2020-11-11,DK0004617255,Danish Krone,Denmark,Corporate,Saerligt Daekkede Realkreditobligation (Covered Bond),3.000788,5.498416,5.417661,False,Banking,89.722,2026-05-01
279,DK0004617685=,Realkredit Danmark A/S,DANSKT,1.0,2032-04-01,2020-11-11,DK0004617685,Danish Krone,Denmark,Corporate,Saerligt Daekkede Realkreditobligation (Covered Bond),3.03376,5.748248,5.66297,False,Banking,89.15,2026-05-01
280,DK0004617925=CO,Realkredit Danmark A/S,DANSKT,1.0,2032-01-01,2020-11-11,DK0004617925,Euro,Denmark,Corporate,Saerligt Daekkede Realkreditobligation (Covered Bond),,,,False,Banking,,
281,DK0004618220=CO,Realkredit Danmark A/S,DANSKT,1.0,2032-04-01,2020-11-11,DK0004618220,Euro,Denmark,Corporate,Saerligt Daekkede Realkreditobligation (Covered Bond),,,,False,Banking,,
282,DK0004618659=,Realkredit Danmark A/S,DANSKT,1.0,2032-04-01,2020-11-11,DK0004618659,Danish Krone,Denmark,Corporate,Saerligt Daekkede Realkreditobligation (Covered Bond),2.593681,5.750623,5.67745,False,Banking,91.374,2026-05-01
283,DK0004618733=,Realkredit Danmark A/S,DANSKT,0.5,2053-10-01,2020-12-11,DK0004618733,Danish Krone,Denmark,Corporate,Saerligt Daekkede Realkreditobligation (Covered Bond),3.482388,11.627828,11.427961,True,Banking,68.9,2026-05-01
284,DK0004618816=,Realkredit Danmark A/S,DANSKT,0.0,2043-10-01,2021-01-07,DK0004618816,Danish Krone,Denmark,Corporate,Saerligt Daekkede Realkreditobligation (Covered Bond),3.104727,7.995149,7.87245,True,Banking,77.15,2026-05-01
285,DK0004619038=,Realkredit Danmark A/S,DANSKT,1.5,2052-07-01,2021-02-22,DK0004619038,Danish Krone,Denmark,Corporate,Saerligt Daekkede Realkreditobligation (Covered Bond),5.206482,10.272632,10.010316,True,Banking,65.961,2026-05-01
286,DK0004619111=,Realkredit Danmark A/S,DANSKT,1.0,2043-04-01,2021-02-26,DK0004619111,Danish Krone,Denmark,Corporate,Saerligt Daekkede Realkreditobligation (Covered Bond),3.137505,7.781469,7.660802,True,Banking,84.25,2026-05-01
287,DK0004619384=,Realkredit Danmark A/S,DANSKT,1.5,2053-10-01,2021-02-26,DK0004619384,Danish Krone,Denmark,Corporate,Saerligt Daekkede Realkreditobligation (Covered Bond),3.593383,11.561627,11.356648,True,Banking,77.475,2026-05-01
288,DK0004619467=,Realkredit Danmark A/S,DANSKT,1.5,2052-10-01,2021-04-20,DK0004619467,Danish Krone,Denmark,Corporate,Saerligt Daekkede Realkreditobligation (Covered Bond),3.452108,11.296301,11.103798,True,Banking,79.35,2026-05-01
289,DK0004619624=,Realkredit Danmark A/S,DANSKT,2.0,2053-10-01,2021-05-20,DK0004619624,Danish Krone,Denmark,Corporate,Saerligt Daekkede Realkreditobligation (Covered Bond),4.462452,11.050886,10.808359,True,Banking,74.8,2026-05-01
290,DK0004620044=,Realkredit Danmark A/S,DANSKT,1.5,2031-10-01,2021-08-10,DK0004620044,Danish Krone,Denmark,Corporate,Saerligt Daekkede Realkreditobligation (Covered Bond),1.960664,2.731344,2.704753,True,Banking,98.75,2026-05-01
291,DK0004620127=,Realkredit Danmark A/S,DANSKT,2.0,2053-07-01,2021-09-28,DK0004620127,Danish Krone,Denmark,Corporate,Saerligt Daekkede Realkreditobligation (Covered Bond),3.380614,11.601055,11.407403,True,Banking,84.625,2026-05-01
292,DK0004620473=,Realkredit Danmark A/S,DANSKT,1.0,2033-01-01,2021-11-01,DK0004620473,Danish Krone,Denmark,Corporate,Saerligt Daekkede Realkreditobligation (Covered Bond),3.124538,6.432489,6.33422,False,Banking,87.398,2026-05-01
293,DK0004620713=,Realkredit Danmark A/S,DANSKT,1.0,2033-04-01,2021-11-01,DK0004620713,Danish Krone,Denmark,Corporate,Saerligt Daekkede Realkreditobligation (Covered Bond),3.127458,6.682478,6.580352,False,Banking,86.965,2026-05-01
294,DK0004621281=,Realkredit Danmark A/S,DANSKT,1.0,2033-01-01,2021-11-01,DK0004621281,Euro,Denmark,Corporate,Saerligt Daekkede Realkreditobligation (Covered Bond),3.163302,6.432138,6.332684,False,Banking,87.186,2026-05-01
295,DK0004621521=,Realkredit Danmark A/S,DANSKT,1.0,2033-04-01,2021-11-01,DK0004621521,Euro,Denmark,Corporate,Saerligt Daekkede Realkreditobligation (Covered Bond),3.17949,6.682008,6.578229,False,Banking,86.672,2026-05-01
296,DK0004621950=,Realkredit Danmark A/S,DANSKT,1.0,2033-04-01,2021-11-01,DK0004621950,Danish Krone,Denmark,Corporate,Saerligt Daekkede Realkreditobligation (Covered Bond),,,,False,Banking,,
297,DK0004622099=,Realkredit Danmark A/S,DANSKT,2.0,2053-10-01,2022-01-31,DK0004622099,Danish Krone,Denmark,Corporate,Saerligt Daekkede Realkreditobligation (Covered Bond),3.327112,11.720783,11.52819,True,Banking,85.041,2026-05-01
298,DK0004622172=,Realkredit Danmark A/S,DANSKT,1.5,2043-01-01,2022-02-04,DK0004622172,Danish Krone,Denmark,Corporate,Saerligt Daekkede Realkreditobligation (Covered Bond),3.130091,7.67994,7.561126,True,Banking,87.95,2026-05-01
299,DK0004622255=,Realkredit Danmark A/S,DANSKT,2.0,2043-01-01,2022-02-09,DK0004622255,Danish Krone,Denmark,Corporate,Saerligt Daekkede Realkreditobligation (Covered Bond),3.227526,7.657655,7.535542,True,Banking,90.801,2026-05-01
300,DK0004622339=,Realkredit Danmark A/S,DANSKT,2.5,2053-10-01,2022-02-09,DK0004622339,Danish Krone,Denmark,Corporate,Saerligt Daekkede Realkreditobligation (Covered Bond),3.624891,11.542872,11.336456,True,Banking,87.3,2026-05-01
301,DK0004622412=,Realkredit Danmark A/S,DANSKT,2.5,2053-10-01,2022-02-09,DK0004622412,Danish Krone,Denmark,Corporate,Saerligt Daekkede Realkreditobligation (Covered Bond),3.987715,11.328158,11.105604,True,Banking,83.775,2026-05-01
302,DK0004622685=,Realkredit Danmark A/S,DANSKT,1.0,2033-10-01,2022-02-16,DK0004622685,Danish Krone,Denmark,Corporate,Saerligt Daekkede Realkreditobligation (Covered Bond),2.275925,3.674314,3.632844,True,Banking,95.383,2026-05-01
303,DK0004622768=,Realkredit Danmark A/S,DANSKT,1.5,2038-10-01,2022-02-16,DK0004622768,Danish Krone,Denmark,Corporate,Saerligt Daekkede Realkreditobligation (Covered Bond),2.731525,5.926859,5.84672,True,Banking,92.847,2026-05-01
304,DK0004622842=,Realkredit Danmark A/S,DANSKT,2.5,2053-10-01,2022-02-16,DK0004622842,Danish Krone,Denmark,Corporate,Saerligt Daekkede Realkreditobligation (Covered Bond),3.433395,11.657115,11.459528,True,Banking,89.249,2026-05-01
305,DK0004622925=,Realkredit Danmark A/S,DANSKT,3.0,2053-10-01,2022-03-10,DK0004622925,Danish Krone,Denmark,Corporate,Saerligt Daekkede Realkreditobligation (Covered Bond),3.573252,11.573618,11.369561,True,Banking,93.15,2026-05-01
306,DK0004623063=,Realkredit Danmark A/S,DANSKT,3.0,2053-10-01,2022-03-10,DK0004623063,Danish Krone,Denmark,Corporate,Saerligt Daekkede Realkreditobligation (Covered Bond),3.643545,11.531777,11.324511,True,Banking,92.401,2026-05-01
307,DK0004623147=,Realkredit Danmark A/S,DANSKT,3.0,2053-07-01,2022-03-10,DK0004623147,Danish Krone,Denmark,Corporate,Saerligt Daekkede Realkreditobligation (Covered Bond),3.973829,11.254746,11.034393,True,Banking,89.075,2026-05-01
308,DK0004623220=,Realkredit Danmark A/S,DANSKT,3.0,2043-10-01,2022-05-02,DK0004623220,Danish Krone,Denmark,Corporate,Saerligt Daekkede Realkreditobligation (Covered Bond),3.448348,7.909574,7.774925,True,Banking,96.25,2026-05-01
309,DK0004623303=,Realkredit Danmark A/S,DANSKT,4.0,2053-10-01,2022-05-02,DK0004623303,Danish Krone,Denmark,Corporate,Saerligt Daekkede Realkreditobligation (Covered Bond),4.214912,11.194926,10.962654,True,Banking,96.975,2026-05-01
310,DK0004623493=,Realkredit Danmark A/S,DANSKT,2.36,2026-07-01,2022-05-05,DK0004623493,Danish Krone,Denmark,Corporate,Saerligt Daekkede Realkreditobligation (Covered Bond),2.036561,0.155556,0.155556,False,Banking,100.045,2026-05-01
311,DK0004623576=,Realkredit Danmark A/S,DANSKT,2.36,2026-07-01,2022-05-05,DK0004623576,Danish Krone,Denmark,Corporate,Saerligt Daekkede Realkreditobligation (Covered Bond),2.00484,0.155556,0.155556,False,Banking,100.045,2026-05-01
312,DK0004623659=,Realkredit Danmark A/S,DANSKT,4.0,2053-10-01,2022-05-10,DK0004623659,Danish Krone,Denmark,Corporate,Saerligt Daekkede Realkreditobligation (Covered Bond),4.098661,11.262977,11.03564,True,Banking,98.241,2026-05-01
313,DK0004623733=,Realkredit Danmark A/S,DANSKT,4.0,2053-10-01,2022-05-10,DK0004623733,Danish Krone,Denmark,Corporate,Saerligt Daekkede Realkreditobligation (Covered Bond),4.134875,11.241751,11.012868,True,Banking,97.844,2026-05-01
314,DK0004623816=,Realkredit Danmark A/S,DANSKT,5.0,2053-10-01,2022-06-22,DK0004623816,Danish Krone,Denmark,Corporate,Saerligt Daekkede Realkreditobligation (Covered Bond),4.655595,10.939342,10.689051,True,Banking,102.76,2026-05-01
315,DK0004624038=,Realkredit Danmark A/S,DANSKT,5.0,2053-10-01,2022-06-22,DK0004624038,Danish Krone,Denmark,Corporate,Saerligt Daekkede Realkreditobligation (Covered Bond),4.689278,10.919967,10.668342,True,Banking,102.385,2026-05-01
316,DK0004624111=,Realkredit Danmark A/S,DANSKT,2.91,2026-10-01,2022-08-22,DK0004624111,Swedish Krona,Denmark,Corporate,Saerligt Daekkede Realkreditobligation (Covered Bond),2.164441,0.403758,0.155556,False,Banking,100.272,2026-05-01
317,DK0004624384=,Realkredit Danmark A/S,DANSKT,4.0,2043-10-01,2022-09-14,DK0004624384,Danish Krone,Denmark,Corporate,Saerligt Daekkede Realkreditobligation (Covered Bond),3.940509,7.787667,7.636448,True,Banking,100.0,2026-05-01
318,DK0004624467=,Realkredit Danmark A/S,DANSKT,6.0,2053-01-01,2022-10-03,DK0004624467,Danish Krone,Denmark,Corporate,Saerligt Daekkede Realkreditobligation (Covered Bond),5.3496,10.338545,10.067433,True,Banking,105.385,2026-05-01
319,DK0004624541=,Realkredit Danmark A/S,DANSKT,6.0,2053-04-01,2022-10-03,DK0004624541,Danish Krone,Denmark,Corporate,Saerligt Daekkede Realkreditobligation (Covered Bond),5.472246,10.341429,10.06415,True,Banking,104.099,2026-05-01
320,DK0004624897=,Realkredit Danmark A/S,DANSKT,1.0,2034-01-01,2022-11-23,DK0004624897,Danish Krone,Denmark,Corporate,Saerligt Daekkede Realkreditobligation (Covered Bond),3.187965,7.354432,7.239861,False,Banking,85.331,2026-05-01
321,DK0004625191=,Realkredit Danmark A/S,DANSKT,1.0,2034-04-01,2022-11-23,DK0004625191,Danish Krone,Denmark,Corporate,Saerligt Daekkede Realkreditobligation (Covered Bond),3.211323,7.604126,7.484874,False,Banking,84.771,2026-05-01
322,DK0004625431=,Realkredit Danmark A/S,DANSKT,1.0,2034-01-01,2022-11-23,DK0004625431,Euro,Denmark,Corporate,Saerligt Daekkede Realkreditobligation (Covered Bond),3.266454,7.353332,7.236025,False,Banking,84.853,2026-05-01
323,DK0004625860=,Realkredit Danmark A/S,DANSKT,1.0,2034-04-01,2022-11-23,DK0004625860,Euro,Denmark,Corporate,Saerligt Daekkede Realkreditobligation (Covered Bond),3.30315,7.602839,7.480279,False,Banking,84.199,2026-05-01
324,DK0004626249=,Realkredit Danmark A/S,DANSKT,1.0,2034-04-01,2022-11-23,DK0004626249,Danish Krone,Denmark,Corporate,Saerligt Daekkede Realkreditobligation (Covered Bond),2.771298,7.610232,7.506906,False,Banking,87.575,2026-05-01
325,DK0004626322=,Realkredit Danmark A/S,DANSKT,2.43,2026-07-01,2022-11-29,DK0004626322,Danish Krone,Denmark,Corporate,Saerligt Daekkede Realkreditobligation (Covered Bond),2.397094,0.155556,0.155556,False,Banking,100.0,2026-05-01
326,DK0004626405=,Realkredit Danmark A/S,DANSKT,5.0,2056-10-01,2023-05-08,DK0004626405,Danish Krone,Denmark,Corporate,Saerligt Daekkede Realkreditobligation (Covered Bond),4.716408,11.763854,11.491245,True,Banking,102.25,2026-05-01
327,DK0004626595=,Realkredit Danmark A/S,DANSKT,2.5,2027-07-01,2023-05-08,DK0004626595,Danish Krone,Denmark,Corporate,Saerligt Daekkede Realkreditobligation (Covered Bond),1.823563,0.653628,0.155556,False,Banking,100.598,2026-05-01
328,DK0004626678=,Realkredit Danmark A/S,DANSKT,2.48,2026-07-01,2023-05-08,DK0004626678,Euro,Denmark,Corporate,Saerligt Daekkede Realkreditobligation (Covered Bond),3.831046,0.155556,0.155556,False,Banking,99.78,2026-05-01
329,DK0004626751=,Realkredit Danmark A/S,DANSKT,3.0,2036-10-01,2023-06-23,DK0004626751,Danish Krone,Denmark,Corporate,Saerligt Daekkede Realkreditobligation (Covered Bond),3.046503,5.00229,4.926939,True,Banking,99.6,2026-05-01
330,DK0004626835=,Realkredit Danmark A/S,DANSKT,4.0,2046-10-01,2023-06-23,DK0004626835,Danish Krone,Denmark,Corporate,Saerligt Daekkede Realkreditobligation (Covered Bond),3.977462,8.909518,8.73492,True,Banking,99.674,2026-05-01
331,DK0004626918=,Realkredit Danmark A/S,DANSKT,5.0,2056-10-01,2023-06-23,DK0004626918,Danish Krone,Denmark,Corporate,Saerligt Daekkede Realkreditobligation (Covered Bond),4.705534,11.7714,11.499234,True,Banking,102.38,2026-05-01
332,DK0004627056=,Realkredit Danmark A/S,DANSKT,5.0,2056-10-01,2023-06-23,DK0004627056,Danish Krone,Denmark,Corporate,Saerligt Daekkede Realkreditobligation (Covered Bond),4.777522,11.721511,11.446426,True,Banking,101.524,2026-05-01
333,DK0004627130=,Realkredit Danmark A/S,DANSKT,4.0,2056-10-01,2023-08-01,DK0004627130,Danish Krone,Denmark,Corporate,Saerligt Daekkede Realkreditobligation (Covered Bond),4.128343,12.176873,11.929339,True,Banking,97.744,2026-05-01
334,DK0004627486=,Realkredit Danmark A/S,DANSKT,2.92,2027-10-01,2023-08-23,DK0004627486,Swedish Krona,Denmark,Corporate,Saerligt Daekkede Realkreditobligation (Covered Bond),2.283929,1.379523,0.155556,False,Banking,100.722,2026-05-01
335,DK0004627643=,Realkredit Danmark A/S,DANSKT,1.0,2027-01-01,2023-11-03,DK0004627643,Danish Krone,Denmark,Corporate,Saerligt Daekkede Realkreditobligation (Covered Bond),2.62203,0.655556,0.644247,False,Banking,98.918,2026-05-01
336,DK0004627726=,Realkredit Danmark A/S,DANSKT,1.0,2035-01-01,2023-11-03,DK0004627726,Danish Krone,Denmark,Corporate,Saerligt Daekkede Realkreditobligation (Covered Bond),3.31072,8.262135,8.128596,False,Banking,82.842,2026-05-01
337,DK0004627999=,Realkredit Danmark A/S,DANSKT,1.0,2027-04-01,2023-11-03,DK0004627999,Danish Krone,Denmark,Corporate,Saerligt Daekkede Realkreditobligation (Covered Bond),2.636996,0.905556,0.884119,False,Banking,98.516,2026-05-01
338,DK0004628021=,Realkredit Danmark A/S,DANSKT,1.0,2035-04-01,2023-11-03,DK0004628021,Danish Krone,Denmark,Corporate,Saerligt Daekkede Realkreditobligation (Covered Bond),3.304721,8.512287,8.375006,False,Banking,82.464,2026-05-01
339,DK0004628294=,Realkredit Danmark A/S,DANSKT,1.0,2027-01-01,2023-11-03,DK0004628294,Euro,Denmark,Corporate,Saerligt Daekkede Realkreditobligation (Covered Bond),2.862834,0.655556,0.643228,False,Banking,98.761,2026-05-01
340,DK0004628377=CO,Realkredit Danmark A/S,DANSKT,1.0,2035-01-01,2023-11-03,DK0004628377,Euro,Denmark,Corporate,Saerligt Daekkede Realkreditobligation (Covered Bond),,,,False,Banking,,
341,DK0004628534=,Realkredit Danmark A/S,DANSKT,1.0,2027-04-01,2023-11-03,DK0004628534,Euro,Denmark,Corporate,Saerligt Daekkede Realkreditobligation (Covered Bond),2.888354,0.905556,0.882129,False,Banking,98.294,2026-05-01
342,DK0004628617=CO,Realkredit Danmark A/S,DANSKT,1.0,2035-04-01,2023-11-03,DK0004628617,Euro,Denmark,Corporate,Saerligt Daekkede Realkreditobligation (Covered Bond),,,,False,Banking,,
343,DK0004629185=,Realkredit Danmark A/S,DANSKT,1.0,2027-04-01,2023-11-03,DK0004629185,Danish Krone,Denmark,Corporate,Saerligt Daekkede Realkreditobligation (Covered Bond),2.047047,0.905556,0.888827,False,Banking,99.041,2026-05-01
344,DK0004629268=,Realkredit Danmark A/S,DANSKT,1.0,2035-04-01,2023-11-03,DK0004629268,Danish Krone,Denmark,Corporate,Saerligt Daekkede Realkreditobligation (Covered Bond),,,,False,Banking,,
345,DK0004629342=,Realkredit Danmark A/S,DANSKT,4.0,2056-10-01,2023-12-21,DK0004629342,Danish Krone,Denmark,Corporate,Saerligt Daekkede Realkreditobligation (Covered Bond),4.204713,12.12268,11.87176,True,Banking,96.847,2026-05-01
346,DK0004629425=,Realkredit Danmark A/S,DANSKT,4.0,2056-10-01,2024-01-18,DK0004629425,Danish Krone,Denmark,Corporate,Saerligt Daekkede Realkreditobligation (Covered Bond),4.334388,12.031035,11.774455,True,Banking,95.352,2026-05-01
347,DK0004629508=,Realkredit Danmark A/S,DANSKT,2.25,2028-07-01,2024-05-17,DK0004629508,Danish Krone,Denmark,Corporate,Saerligt Daekkede Realkreditobligation (Covered Bond),2.102858,1.14747,0.155556,False,Banking,100.434,2026-05-01
348,DK0004629698=,Realkredit Danmark A/S,DANSKT,2.27,2028-07-01,2024-05-17,DK0004629698,Danish Krone,Denmark,Corporate,Saerligt Daekkede Realkreditobligation (Covered Bond),2.1411,1.147311,0.155556,False,Banking,100.413,2026-05-01
349,DK0004629771=,Realkredit Danmark A/S,DANSKT,2.3,2028-07-01,2024-05-17,DK0004629771,Danish Krone,Denmark,Corporate,Saerligt Daekkede Realkreditobligation (Covered Bond),2.251198,1.146431,0.155556,False,Banking,100.147,2026-05-01
350,DK0004629854=,Realkredit Danmark A/S,DANSKT,1.0,2056-10-01,2024-06-25,DK0004629854,Danish Krone,Denmark,Corporate,Saerligt Daekkede Realkreditobligation (Covered Bond),3.794483,12.415632,12.183368,True,Banking,68.753,2026-05-01
351,DK0004629938=,Realkredit Danmark A/S,DANSKT,2.69,2027-10-01,2024-08-21,DK0004629938,Danish Krone,Denmark,Corporate,Realkreditobligation,2.878479,0.775324,0.155556,False,Banking,99.821,2026-05-01
352,DK0004630001=,Realkredit Danmark A/S,DANSKT,2.69,2028-10-01,2024-08-21,DK0004630001,Swedish Krona,Denmark,Corporate,Saerligt Daekkede Realkreditobligation (Covered Bond),2.403113,2.337242,0.155556,False,Banking,100.391,2026-05-01
353,DK0004630191=,Realkredit Danmark A/S,DANSKT,3.0,2046-10-01,2024-09-24,DK0004630191,Danish Krone,Denmark,Corporate,Saerligt Daekkede Realkreditobligation (Covered Bond),3.704387,9.001399,8.836944,True,Banking,93.52,2026-05-01
354,DK0004630274=,Realkredit Danmark A/S,DANSKT,3.5,2056-10-01,2024-09-24,DK0004630274,Danish Krone,Denmark,Corporate,Saerligt Daekkede Realkreditobligation (Covered Bond),3.959712,12.297098,12.057181,True,Banking,93.925,2026-05-01
355,DK0004630357=,Realkredit Danmark A/S,DANSKT,1.0,2027-01-01,2024-11-15,DK0004630357,Danish Krone,Denmark,Corporate,Saerligt Daekkede Realkreditobligation (Covered Bond),2.342306,0.655556,0.645435,False,Banking,99.101,2026-05-01
356,DK0004630431=,Realkredit Danmark A/S,DANSKT,1.0,2028-01-01,2024-11-15,DK0004630431,Danish Krone,Denmark,Corporate,Saerligt Daekkede Realkreditobligation (Covered Bond),2.648823,1.645494,1.624063,False,Banking,97.353,2026-05-01
357,DK0004630514=,Realkredit Danmark A/S,DANSKT,1.0,2036-01-01,2024-11-15,DK0004630514,Danish Krone,Denmark,Corporate,Saerligt Daekkede Realkreditobligation (Covered Bond),3.402739,9.156103,9.004112,False,Banking,80.493,2026-05-01
358,DK0004630787=,Realkredit Danmark A/S,DANSKT,1.0,2027-04-01,2024-11-15,DK0004630787,Danish Krone,Denmark,Corporate,Saerligt Daekkede Realkreditobligation (Covered Bond),2.366527,0.905556,0.886271,False,Banking,98.756,2026-05-01
359,DK0004630860=,Realkredit Danmark A/S,DANSKT,1.0,2028-04-01,2024-11-15,DK0004630860,Danish Krone,Denmark,Corporate,Saerligt Daekkede Realkreditobligation (Covered Bond),2.855065,1.895474,1.868964,False,Banking,96.603,2026-05-01
360,DK0004630944=,Realkredit Danmark A/S,DANSKT,1.0,2036-04-01,2024-11-15,DK0004630944,Danish Krone,Denmark,Corporate,Saerligt Daekkede Realkreditobligation (Covered Bond),3.445114,9.404912,9.246955,False,Banking,79.767,2026-05-01
361,DK0004631082=,Realkredit Danmark A/S,DANSKT,1.0,2027-01-01,2024-11-11,DK0004631082,Euro,Denmark,Corporate,Saerligt Daekkede Realkreditobligation (Covered Bond),2.86898,0.655556,0.643202,False,Banking,98.757,2026-05-01
362,DK0004631165=,Realkredit Danmark A/S,DANSKT,1.0,2028-01-01,2024-11-15,DK0004631165,Euro,Denmark,Corporate,Saerligt Daekkede Realkreditobligation (Covered Bond),3.06428,1.645453,1.620738,False,Banking,96.704,2026-05-01
363,DK0004631249=,Realkredit Danmark A/S,DANSKT,1.0,2036-01-01,2024-11-15,DK0004631249,Euro,Denmark,Corporate,Saerligt Daekkede Realkreditobligation (Covered Bond),3.562233,9.151464,8.992614,False,Banking,79.36,2026-05-01
364,DK0004631322=,Realkredit Danmark A/S,DANSKT,1.0,2027-04-01,2024-11-15,DK0004631322,Euro,Denmark,Corporate,Saerligt Daekkede Realkreditobligation (Covered Bond),2.87247,0.905556,0.882255,False,Banking,98.308,2026-05-01
365,DK0004631405=,Realkredit Danmark A/S,DANSKT,1.0,2028-04-01,2024-11-15,DK0004631405,Euro,Denmark,Corporate,Saerligt Daekkede Realkreditobligation (Covered Bond),3.067116,1.895454,1.867019,False,Banking,96.226,2026-05-01
366,DK0004631595=,Realkredit Danmark A/S,DANSKT,1.0,2036-04-01,2024-11-15,DK0004631595,Euro,Denmark,Corporate,Saerligt Daekkede Realkreditobligation (Covered Bond),3.571948,9.40122,9.237663,False,Banking,78.852,2026-05-01
367,DK0004631678=,Realkredit Danmark A/S,DANSKT,1.0,2027-01-01,2024-11-15,DK0004631678,Danish Krone,Denmark,Corporate,Saerligt Daekkede Realkreditobligation (Covered Bond),,,,False,Banking,,
368,DK0004631751=,Realkredit Danmark A/S,DANSKT,1.0,2027-04-01,2024-11-15,DK0004631751,Danish Krone,Denmark,Corporate,Saerligt Daekkede Realkreditobligation (Covered Bond),,,,False,Banking,,
369,DK0004631835=CO,Realkredit Danmark A/S,DANSKT,1.0,2028-04-01,2024-11-15,DK0004631835,Danish Krone,Denmark,Corporate,Saerligt Daekkede Realkreditobligation (Covered Bond),,,,False,Banking,,
370,DK0004631918=,Realkredit Danmark A/S,DANSKT,1.0,2036-04-01,2024-11-15,DK0004631918,Danish Krone,Denmark,Corporate,Saerligt Daekkede Realkreditobligation (Covered Bond),,,,False,Banking,,
371,DK0004632056=,Realkredit Danmark A/S,DANSKT,3.5,2056-10-01,2024-12-10,DK0004632056,Danish Krone,Denmark,Corporate,Saerligt Daekkede Realkreditobligation (Covered Bond),4.071935,12.217003,11.971995,True,Banking,92.65,2026-05-01
372,DK0004632130=,Realkredit Danmark A/S,DANSKT,2.36,2029-07-01,2025-05-13,DK0004632130,Danish Krone,Denmark,Corporate,Saerligt Daekkede Realkreditobligation (Covered Bond),2.068811,1.639929,0.155556,False,Banking,100.786,2026-05-01
373,DK0004632213=,Realkredit Danmark A/S,DANSKT,2.7,2029-10-01,2025-08-21,DK0004632213,Swedish Krona,Denmark,Corporate,Saerligt Daekkede Realkreditobligation (Covered Bond),2.021186,3.283838,0.155556,False,Banking,100.414,2026-05-01
374,DK0004632486=,Realkredit Danmark A/S,DANSKT,1.0,2028-01-01,2025-11-24,DK0004632486,Danish Krone,Denmark,Corporate,Saerligt Daekkede Realkreditobligation (Covered Bond),2.69597,1.645489,1.623685,False,Banking,97.279,2026-05-01
375,DK0004632569=,Realkredit Danmark A/S,DANSKT,1.0,2029-01-01,2025-11-24,DK0004632569,Danish Krone,Denmark,Corporate,Saerligt Daekkede Realkreditobligation (Covered Bond),2.728886,2.625112,2.589948,False,Banking,95.618,2026-05-01
376,DK0004632643=,Realkredit Danmark A/S,DANSKT,1.0,2037-01-01,2025-11-24,DK0004632643,Danish Krone,Denmark,Corporate,Saerligt Daekkede Realkreditobligation (Covered Bond),3.526916,10.033789,9.861313,False,Banking,77.863,2026-05-01
377,DK0004632726=,Realkredit Danmark A/S,DANSKT,1.0,2028-04-01,2025-11-24,DK0004632726,Danish Krone,Denmark,Corporate,Saerligt Daekkede Realkreditobligation (Covered Bond),2.703973,1.895489,1.870354,False,Banking,96.873,2026-05-01
378,DK0004632809=,Realkredit Danmark A/S,DANSKT,1.0,2029-04-01,2025-11-24,DK0004632809,Danish Krone,Denmark,Corporate,Saerligt Daekkede Realkreditobligation (Covered Bond),2.743375,2.875107,2.836446,False,Banking,95.191,2026-05-01
379,DK0004632999=,Realkredit Danmark A/S,DANSKT,1.0,2037-04-01,2025-11-24,DK0004632999,Danish Krone,Denmark,Corporate,Saerligt Daekkede Realkreditobligation (Covered Bond),3.555529,10.282705,10.104616,False,Banking,77.224,2026-05-01
380,DK0004633021=,Realkredit Danmark A/S,DANSKT,1.0,2028-01-01,2025-11-24,DK0004633021,Euro,Denmark,Corporate,Saerligt Daekkede Realkreditobligation (Covered Bond),3.06428,1.645453,1.620738,False,Banking,96.704,2026-05-01
381,DK0004633104=,Realkredit Danmark A/S,DANSKT,1.0,2029-01-01,2025-11-24,DK0004633104,Euro,Denmark,Corporate,Saerligt Daekkede Realkreditobligation (Covered Bond),3.056862,2.624952,2.585659,False,Banking,94.817,2026-05-01
382,DK0004633294=,Realkredit Danmark A/S,DANSKT,1.0,2037-01-01,2025-11-24,DK0004633294,Euro,Denmark,Corporate,Saerligt Daekkede Realkreditobligation (Covered Bond),3.628233,10.029771,9.852542,False,Banking,77.099,2026-05-01
383,DK0004633377=,Realkredit Danmark A/S,DANSKT,1.0,2028-04-01,2025-11-24,DK0004633377,Euro,Denmark,Corporate,Saerligt Daekkede Realkreditobligation (Covered Bond),3.067116,1.895454,1.867019,False,Banking,96.226,2026-05-01
384,DK0004633450=CO,Realkredit Danmark A/S,DANSKT,1.0,2029-04-01,2025-11-24,DK0004633450,Euro,Denmark,Corporate,Saerligt Daekkede Realkreditobligation (Covered Bond),,,,False,Banking,,
385,DK0004633534=,Realkredit Danmark A/S,DANSKT,1.0,2037-04-01,2025-11-24,DK0004633534,Euro,Denmark,Corporate,Saerligt Daekkede Realkreditobligation (Covered Bond),3.659545,10.278575,10.095487,False,Banking,76.43,2026-05-01
386,DK0004633617=CO,Realkredit Danmark A/S,DANSKT,1.0,2028-01-01,2025-11-24,DK0004633617,Danish Krone,Denmark,Corporate,Saerligt Daekkede Realkreditobligation (Covered Bond),,,,False,Banking,,
387,DK0004633880=CO,Realkredit Danmark A/S,DANSKT,1.0,2028-04-01,2025-11-24,DK0004633880,Danish Krone,Denmark,Corporate,Saerligt Daekkede Realkreditobligation (Covered Bond),,,,False,Banking,,
388,DK0004633963=CO,Realkredit Danmark A/S,DANSKT,1.0,2029-04-01,2025-11-24,DK0004633963,Danish Krone,Denmark,Corporate,Saerligt Daekkede Realkreditobligation (Covered Bond),,,,False,Banking,,
389,DK0004634185=CO,Realkredit Danmark A/S,DANSKT,1.0,2037-04-01,2025-11-24,DK0004634185,Danish Krone,Denmark,Corporate,Saerligt Daekkede Realkreditobligation (Covered Bond),,,,False,Banking,,
390,DK0004711199=,Totalkredit A/S,FRNTKT,7.0,2028-04-01,1996-09-01,DK0004711199,Danish Krone,Denmark,Corporate,Realkreditobligation (Covered bond (Denmark pre-2008)),2.264471,1.023139,1.011641,True,Mortgage Banking,104.7,2026-05-01
391,DK0004711272=,Totalkredit A/S,FRNTKT,6.0,2029-07-01,1996-09-01,DK0004711272,Danish Krone,Denmark,Corporate,Realkreditobligation (Covered bond (Denmark pre-2008)),3.567449,1.624466,1.595855,True,Mortgage Banking,103.75,2026-05-01
392,DK0004712163=,Totalkredit A/S,FRNTKT,5.0,2029-07-01,1998-07-01,DK0004712163,Danish Krone,Denmark,Corporate,Realkreditobligation (Covered bond (Denmark pre-2008)),3.672154,1.623558,1.594135,True,Mortgage Banking,102.0,2026-05-01
393,DK0004712320=,Totalkredit A/S,FRNTKT,6.0,2032-07-01,1999-06-01,DK0004712320,Danish Krone,Denmark,Corporate,Realkreditobligation (Covered bond (Denmark pre-2008)),4.033961,3.025201,2.965073,True,Mortgage Banking,105.6,2026-05-01
394,DK0004712833=,Totalkredit A/S,FRNTKT,7.0,2031-07-01,1999-07-01,DK0004712833,Danish Krone,Denmark,Corporate,Realkreditobligation (Covered bond (Denmark pre-2008)),4.604355,2.5507,2.492954,True,Mortgage Banking,105.7,2026-05-01
395,DK0004713807=,Totalkredit A/S,FRNTKT,5.0,2032-07-01,2001-10-01,DK0004713807,Danish Krone,Denmark,Corporate,Realkreditobligation (Covered bond (Denmark pre-2008)),3.950745,3.027871,2.968914,True,Mortgage Banking,102.9,2026-05-01
396,DK0004714102=,Totalkredit A/S,FRNTKT,6.0,2033-01-01,2002-06-03,DK0004714102,Danish Krone,Denmark,Corporate,Realkreditobligation (Covered bond (Denmark pre-2008)),3.984798,3.255345,3.191421,True,Mortgage Banking,106.2,2026-05-01
397,DK0004714458=,Totalkredit A/S,FRNTKT,5.0,2035-04-01,2002-08-26,DK0004714458,Danish Krone,Denmark,Corporate,Realkreditobligation (Covered bond (Denmark pre-2008)),4.002573,4.262441,4.178381,True,Mortgage Banking,103.875,2026-05-01
398,DK0004715505=,Totalkredit A/S,FRNTKT,4.0,2035-07-01,2003-06-12,DK0004715505,Danish Krone,Denmark,Corporate,Realkreditobligation (Covered bond (Denmark pre-2008)),3.559423,4.403461,4.326107,True,Mortgage Banking,101.675,2026-05-01
399,DK0004716826=,Totalkredit A/S,FRNTKT,5.0,2035-04-01,2003-10-29,DK0004716826,Danish Krone,Denmark,Corporate,Realkreditobligation (Covered bond (Denmark pre-2008)),3.906362,4.268828,4.186636,True,Mortgage Banking,104.3,2026-05-01
400,DK0004717204=,Totalkredit A/S,FRNTKT,2.8153,2036-10-01,2004-12-10,DK0004717204,Danish Krone,Denmark,Corporate,Realkreditobligation (Covered bond (Denmark pre-2008)),2.450129,5.056204,0.415937,True,Mortgage Banking,103.481,2026-05-01
401,DK0004717394=,Totalkredit A/S,FRNTKT,2.8153,2036-10-01,2004-12-10,DK0004717394,Danish Krone,Denmark,Corporate,Realkreditobligation (Covered bond (Denmark pre-2008)),2.303468,5.069554,0.429478,True,Mortgage Banking,104.25,2026-05-01
402,DK0004717477=,Totalkredit A/S,FRNTKT,4.0,2035-07-01,2005-02-16,DK0004717477,Danish Krone,Denmark,Corporate,Realkreditobligation (Covered bond (Denmark pre-2008)),3.660748,4.396343,4.316947,True,Mortgage Banking,101.225,2026-05-01
403,DK0004717634=,Totalkredit A/S,FRNTKT,3.018,2026-07-01,2005-06-01,DK0004717634,Danish Krone,Denmark,Corporate,Realkreditobligation (Covered bond (Denmark pre-2008)),-19.602991,0.155556,0.160665,True,Mortgage Banking,103.7,2026-05-01
404,DK0004717717=,Totalkredit A/S,FRNTKT,3.0687,2036-10-01,2005-06-01,DK0004717717,Danish Krone,Denmark,Corporate,Realkreditobligation (Covered bond (Denmark pre-2008)),2.552811,5.046866,0.426461,True,Mortgage Banking,104.25,2026-05-01
405,DK0004718012=,Totalkredit A/S,FRNTKT,3.0687,2037-01-01,2005-06-01,DK0004718012,Danish Krone,Denmark,Corporate,Realkreditobligation (Covered bond (Denmark pre-2008)),2.560805,5.163909,0.194306,True,Mortgage Banking,104.25,2026-05-01
406,DK0004718368=,Totalkredit A/S,FRNTKT,3.0687,2026-07-01,2005-07-01,DK0004718368,Danish Krone,Denmark,Corporate,Realkreditobligation (Covered bond (Denmark pre-2008)),-18.52807,0.155556,0.160383,True,Mortgage Banking,103.526,2026-05-01
407,DK0004902376=,Nykredit Realkredit A/S,FRNTKY,7.0,2026-10-01,1995-03-22,DK0004902376,Danish Krone,Denmark,Corporate,Realkreditobligation,,,,False,Mortgage Banking,,
408,DK0004902533=,Nykredit Realkredit A/S,FRNTKY,2.5,2046-01-01,1995-03-01,DK0004902533,Danish Krone,Denmark,Corporate,Realkreditobligation (Covered bond (Denmark pre-2008)),,,,False,Mortgage Banking,,
409,DK0004902616=,Nykredit Realkredit A/S,FRNTKY,2.5,2047-01-01,1995-03-01,DK0004902616,Danish Krone,Denmark,Corporate,Realkreditobligation (Covered bond (Denmark pre-2008)),1.644236,16.486378,16.35193,False,Mortgage Banking,114.936,2026-05-01
410,DK0004902889=,Nykredit Realkredit A/S,FRNTKY,9.0,2026-10-01,1995-07-01,DK0004902889,Danish Krone,Denmark,Corporate,Realkreditobligation,,,,False,Mortgage Banking,,
411,DK0004903507=,Nykredit Realkredit A/S,FRNTKY,6.0,2029-07-01,1996-10-29,DK0004903507,Danish Krone,Denmark,Corporate,Realkreditobligation (Covered bond (Denmark pre-2008)),,,,True,Mortgage Banking,,
412,DK0004903770=,Nykredit Realkredit A/S,FRNTKY,2.5,2050-01-01,1997-01-02,DK0004903770,Danish Krone,Denmark,Corporate,Realkreditobligation (Covered bond (Denmark pre-2008)),1.768653,18.285887,18.125581,False,Mortgage Banking,114.087,2026-05-01
413,DK0004904075=,Nykredit Realkredit A/S,FRNTKY,5.0,2029-04-01,1998-05-13,DK0004904075,Danish Krone,Denmark,Corporate,Realkreditobligation (Covered bond (Denmark pre-2008)),,,,True,Mortgage Banking,,
414,DK0004904232=,Nykredit Realkredit A/S,FRNTKY,2.5,2049-01-01,1998-08-04,DK0004904232,Danish Krone,Denmark,Corporate,Realkreditobligation (Covered bond (Denmark pre-2008)),1.654086,17.740661,17.595126,False,Mortgage Banking,115.929,2026-05-01
415,DK0004904661=,Nykredit Realkredit A/S,FRNTKY,2.5,2054-01-01,1999-03-19,DK0004904661,Danish Krone,Denmark,Corporate,Realkreditobligation (Covered bond (Denmark pre-2008)),1.860536,20.517774,20.328646,False,Mortgage Banking,113.775,2026-05-01
416,DK0004904745=,Nykredit Realkredit A/S,FRNTKY,7.0,2030-01-01,1999-08-30,DK0004904745,Danish Krone,Denmark,Corporate,Realkreditobligation (Covered bond (Denmark pre-2008)),,,,True,Mortgage Banking,,
417,DK0004904901=,Nykredit Realkredit A/S,FRNTKY,6.0,2031-07-01,1999-08-30,DK0004904901,Danish Krone,Denmark,Corporate,Realkreditobligation (Covered bond (Denmark pre-2008)),,,,True,Mortgage Banking,,
418,DK0004905122=,Nykredit Realkredit A/S,FRNTKY,5.0,2030-10-01,1999-08-30,DK0004905122,Danish Krone,Denmark,Corporate,Realkreditobligation (Covered bond (Denmark pre-2008)),3.603154,2.220209,2.180726,True,Mortgage Banking,102.9,2026-05-01
419,DK0004906799=,Nykredit Realkredit A/S,FRNTKY,5.0,2034-04-01,2002-08-15,DK0004906799,Danish Krone,Denmark,Corporate,Realkreditobligation (Covered bond (Denmark pre-2008)),3.93695,3.8221,3.74794,True,Mortgage Banking,103.725,2026-05-01
420,DK0004906955=,Nykredit Realkredit A/S,FRNTKY,6.0,2035-10-01,2002-07-01,DK0004906955,Danish Krone,Denmark,Corporate,Realkreditobligation,,,,False,Mortgage Banking,,
421,DK0004908068=,Nykredit Realkredit A/S,FRNTKY,2.8153,2037-10-01,2005-01-14,DK0004908068,Danish Krone,Denmark,Corporate,Realkreditobligation,2.528131,5.502994,0.415993,True,Mortgage Banking,103.354,2026-05-01
422,DK0004908142=,Nykredit Realkredit A/S,FRNTKY,2.8153,2037-07-01,2005-01-14,DK0004908142,Danish Krone,Denmark,Corporate,Realkreditobligation,2.905698,5.354883,0.132784,True,Mortgage Banking,101.165,2026-05-01
423,DK0004908225=,Nykredit Realkredit A/S,FRNTKY,4.0,2035-10-01,2005-01-18,DK0004908225,Danish Krone,Denmark,Corporate,Realkreditobligation (Covered bond (Denmark pre-2008)),3.700698,4.504204,4.421984,True,Mortgage Banking,101.075,2026-05-01
424,DK0004908308=,Nykredit Realkredit A/S,FRNTKY,5.0,2037-10-01,2005-03-08,DK0004908308,Danish Krone,Denmark,Corporate,Realkreditobligation,4.178306,5.324323,5.214788,True,Mortgage Banking,103.9,2026-05-01
425,DK0004908571=,Nykredit Realkredit A/S,FRNTKY,4.0,2036-07-01,2005-05-13,DK0004908571,Danish Krone,Denmark,Corporate,Realkreditobligation,3.898247,4.816929,4.724377,True,Mortgage Banking,100.2,2026-05-01
426,DK0004908654=,Nykredit Realkredit A/S,FRNTKY,4.0,2027-01-01,2005-05-13,DK0004908654,Danish Krone,Denmark,Corporate,Realkreditobligation,5.172912,0.403409,0.393148,True,Mortgage Banking,99.5,2026-05-01
427,DK0004908811=,Nykredit Realkredit A/S,FRNTKY,4.0,2037-01-01,2005-05-26,DK0004908811,Danish Krone,Denmark,Corporate,Realkreditobligation,3.880167,5.034877,4.93858,True,Mortgage Banking,100.3,2026-05-01
428,DK0004909033=,Nykredit Realkredit A/S,FRNTKY,3.0687,2037-04-01,2005-06-03,DK0004909033,Danish Krone,Denmark,Corporate,Realkreditobligation,3.337828,5.195963,0.353375,True,Mortgage Banking,100.255,2026-05-01
429,DK0004909116=,Nykredit Realkredit A/S,FRNTKY,3.525,2036-10-01,2005-06-03,DK0004909116,Danish Krone,Denmark,Corporate,Realkreditobligation,3.154522,4.992235,0.371371,True,Mortgage Banking,101.16,2026-05-01
430,DK0004909546=,Nykredit Realkredit A/S,FRNTKY,5.0,2036-10-01,2005-11-22,DK0004909546,Danish Krone,Denmark,Corporate,Realkreditobligation,4.435273,4.876893,4.770492,True,Mortgage Banking,102.3,2026-05-01
431,DK0004910635=,Nykredit Realkredit A/S,FRNTKY,6.0,2038-10-01,2008-01-01,DK0004910635,Danish Krone,Denmark,Corporate,Realkreditobligation,,,,True,Mortgage Banking,,
432,DK0004910718=,Nykredit Realkredit A/S,FRNTKY,6.0,2038-04-01,2008-01-01,DK0004910718,Danish Krone,Denmark,Corporate,Realkreditobligation,,,,True,Mortgage Banking,,
433,DK0004911286=,Nykredit Realkredit A/S,FRNTKY,5.0,2041-04-01,2008-01-08,DK0004911286,Danish Krone,Denmark,Corporate,Realkreditobligation,4.294497,6.735158,6.592812,True,Mortgage Banking,104.15,2026-05-01
434,DK0004911369=,Nykredit Realkredit A/S,FRNTKY,7.0,2039-04-01,2008-06-23,DK0004911369,Danish Krone,Denmark,Corporate,Realkreditobligation,,,,True,Mortgage Banking,,
435,DK0004911443=,Nykredit Realkredit A/S,FRNTKY,7.0,2041-10-01,2008-06-23,DK0004911443,Danish Krone,Denmark,Corporate,Realkreditobligation,,,,True,Mortgage Banking,,
436,DK0004911872=,Nykredit Realkredit A/S,FRNTKY,4.0,2030-10-01,2009-09-01,DK0004911872,Danish Krone,Denmark,Corporate,Realkreditobligation,4.006547,2.213494,2.169789,True,Mortgage Banking,99.85,2026-05-01
437,DK0004911955=,Nykredit Realkredit A/S,FRNTKY,4.0,2041-10-01,2009-09-01,DK0004911955,Danish Krone,Denmark,Corporate,Realkreditobligation,3.954793,6.997595,6.86123,True,Mortgage Banking,99.9,2026-05-01
438,DK0004912680=,Nykredit Realkredit A/S,FRNTKY,4.0,2041-04-01,2010-06-02,DK0004912680,Danish Krone,Denmark,Corporate,Realkreditobligation,3.977436,6.792887,6.659764,True,Mortgage Banking,99.75,2026-05-01
439,DK0004912763=,Nykredit Realkredit A/S,FRNTKY,3.0,2030-07-01,2010-08-06,DK0004912763,Danish Krone,Denmark,Corporate,Realkreditobligation,2.976942,2.111057,2.079966,True,Mortgage Banking,99.975,2026-05-01
440,DK0004912920=,Nykredit Realkredit A/S,FRNTKY,5.0,2041-10-01,2010-12-22,DK0004912920,Danish Krone,Denmark,Corporate,Realkreditobligation,4.360492,6.918841,6.770403,True,Mortgage Banking,103.8,2026-05-01
441,DK0004913571=,Nykredit Realkredit A/S,FRNTKY,5.0,2042-01-01,2011-06-23,DK0004913571,Danish Krone,Denmark,Corporate,Realkreditobligation,4.559806,6.976261,6.819865,True,Mortgage Banking,102.425,2026-05-01
442,DK0004913654=,Nykredit Realkredit A/S,FRNTKY,4.0,2042-04-01,2011-07-11,DK0004913654,Danish Krone,Denmark,Corporate,Realkreditobligation,3.705764,7.248244,7.115768,True,Mortgage Banking,101.7,2026-05-01
443,DK0004913738=,Nykredit Realkredit A/S,FRNTKY,4.0,2034-10-01,2011-09-05,DK0004913738,Danish Krone,Denmark,Corporate,Realkreditobligation,3.840541,4.05097,3.974267,True,Mortgage Banking,100.4,2026-05-01
444,DK0004914033=,Nykredit Realkredit A/S,FRNTKY,4.0,2042-01-01,2011-10-03,DK0004914033,Danish Krone,Denmark,Corporate,Realkreditobligation,3.578772,7.172963,7.046295,True,Mortgage Banking,102.6,2026-05-01
445,DK0004914389=,Nykredit Realkredit A/S,FRNTKY,3.0,2033-10-01,2012-01-02,DK0004914389,Danish Krone,Denmark,Corporate,Realkreditobligation,2.773734,3.651185,3.601056,True,Mortgage Banking,100.7,2026-05-01
446,DK0004914462=,Nykredit Realkredit A/S,FRNTKY,3.5,2042-10-01,2012-01-12,DK0004914462,Danish Krone,Denmark,Corporate,Realkreditobligation,3.474412,7.500005,7.371374,True,Mortgage Banking,99.85,2026-05-01
447,DK0004914629=,Nykredit Realkredit A/S,FRNTKY,2.0,2034-10-01,2012-11-30,DK0004914629,Danish Krone,Denmark,Corporate,Realkreditobligation,2.374728,4.138184,4.08947,True,Mortgage Banking,98.4,2026-05-01
448,DK0004914702=,Nykredit Realkredit A/S,FRNTKY,3.0,2044-07-01,2012-06-12,DK0004914702,Danish Krone,Denmark,Corporate,Realkreditobligation,3.051115,8.316276,8.190827,True,Mortgage Banking,99.3,2026-05-01
449,DK0004915352=,Nykredit Realkredit A/S,FRNTKY,3.0,2044-04-01,2013-01-23,DK0004915352,Danish Krone,Denmark,Corporate,Realkreditobligation,,,,True,Mortgage Banking,,
450,DK0004916087=,Nykredit Realkredit A/S,FRNTKY,3.0,2045-10-01,2014-07-07,DK0004916087,Danish Krone,Denmark,Corporate,Realkreditobligation,3.220108,8.770882,8.631337,True,Mortgage Banking,97.8,2026-05-01
451,DK0004916244=,Nykredit Realkredit A/S,FRNTKY,2.5,2036-04-01,2014-07-07,DK0004916244,Danish Krone,Denmark,Corporate,Realkreditobligation,2.706941,4.806101,4.741693,True,Mortgage Banking,98.9,2026-05-01
452,DK0004916590=,Nykredit Realkredit A/S,FRNTKY,2.5,2047-04-01,2014-09-09,DK0004916590,Danish Krone,Denmark,Corporate,Realkreditobligation,3.285471,9.337474,9.185937,True,Mortgage Banking,92.65,2026-05-01
453,DK0004916673=,Nykredit Realkredit A/S,FRNTKY,2.5,2047-07-01,2014-09-09,DK0004916673,Danish Krone,Denmark,Corporate,Realkreditobligation,3.27689,9.437249,9.284488,True,Mortgage Banking,92.65,2026-05-01
454,DK0004916756=,Nykredit Realkredit A/S,FRNTKY,2.0,2037-07-01,2014-09-09,DK0004916756,Danish Krone,Denmark,Corporate,Realkreditobligation,2.830686,5.358646,5.283586,True,Mortgage Banking,95.55,2026-05-01
455,DK0004917994=,Nykredit Realkredit A/S,FRNTKY,2.0,2047-10-01,2015-01-30,DK0004917994,Danish Krone,Denmark,Corporate,Realkreditobligation,3.305019,9.52316,9.367701,True,Mortgage Banking,87.95,2026-05-01
456,DK0004918026=,Nykredit Realkredit A/S,FRNTKY,1.5,2037-10-01,2015-01-30,DK0004918026,Danish Krone,Denmark,Corporate,Realkreditobligation,2.994124,5.452543,5.371807,True,Mortgage Banking,92.05,2026-05-01
457,DK0004920436=,Nykredit Realkredit A/S,FRNTKY,1.5,2040-04-01,2017-06-07,DK0004920436,Danish Krone,Denmark,Corporate,Realkreditobligation,3.110106,6.526197,6.425867,True,Mortgage Banking,89.825,2026-05-01
458,DK0004920519=,Nykredit Realkredit A/S,FRNTKY,2.0,2049-07-01,2017-06-07,DK0004920519,Danish Krone,Denmark,Corporate,Realkreditobligation,3.41514,10.139424,9.968461,True,Mortgage Banking,86.175,2026-05-01
459,DK0004921160=,Nykredit Realkredit A/S,FRNTKY,2.0,2049-01-01,2017-09-11,DK0004921160,Danish Krone,Denmark,Corporate,Realkreditobligation,3.556301,9.894785,9.721141,True,Mortgage Banking,85.225,2026-05-01
460,DK0004922721=,Nykredit Realkredit A/S,FRNTKY,1.0,2027-04-01,2018-06-18,DK0004922721,Danish Krone,Denmark,Corporate,Realkreditobligation,2.797644,0.905556,0.882846,False,Mortgage Banking,98.374,2026-05-01
461,DK0004922804=,Nykredit Realkredit A/S,FRNTKY,1.0,2028-04-01,2018-06-18,DK0004922804,Danish Krone,Denmark,Corporate,Realkreditobligation,2.838245,1.895476,1.869118,False,Mortgage Banking,96.633,2026-05-01
462,DK0004923109=,Nykredit Realkredit A/S,FRNTKY,2.616,2029-01-01,2018-07-12,DK0004923109,Danish Krone,Denmark,Corporate,Realkreditobligation,4.416234,1.379032,0.155556,True,Mortgage Banking,97.916,2026-05-01
463,DK0004923539=,Nykredit Realkredit A/S,FRNTKY,1.0,2029-04-01,2018-10-26,DK0004923539,Danish Krone,Denmark,Corporate,Realkreditobligation,3.024142,2.87497,2.832441,False,Mortgage Banking,94.446,2026-05-01
464,DK0004923968=,Nykredit Realkredit A/S,FRNTKY,1.5,2049-10-01,2019-02-08,DK0004923968,Danish Krone,Denmark,Corporate,Realkreditobligation,3.491656,10.198182,10.022426,True,Mortgage Banking,80.9,2026-05-01
465,DK0004924180=,Nykredit Realkredit A/S,FRNTKY,1.0,2040-07-01,2019-02-25,DK0004924180,Danish Krone,Denmark,Corporate,Realkreditobligation,3.209857,6.6165,6.511558,True,Mortgage Banking,86.075,2026-05-01
466,DK0004924263=,Nykredit Realkredit A/S,FRNTKY,1.5,2049-10-01,2019-03-19,DK0004924263,Danish Krone,Denmark,Corporate,Realkreditobligation,3.701086,10.10595,9.92148,True,Mortgage Banking,79.21,2026-05-01
467,DK0004924347=,Nykredit Realkredit A/S,FRNTKY,1.0,2050-10-01,2019-06-04,DK0004924347,Danish Krone,Denmark,Corporate,Realkreditobligation,3.369163,10.620946,10.444246,True,Mortgage Banking,76.75,2026-05-01
468,DK0004924420=,Nykredit Realkredit A/S,FRNTKY,1.0,2050-10-01,2019-06-07,DK0004924420,Danish Krone,Denmark,Corporate,Realkreditobligation,3.406332,10.603123,10.424798,True,Mortgage Banking,76.45,2026-05-01
469,DK0004924503=,Nykredit Realkredit A/S,FRNTKY,0.5,2040-10-01,2019-06-07,DK0004924503,Danish Krone,Denmark,Corporate,Realkreditobligation,3.28665,6.709284,6.600356,True,Mortgage Banking,82.45,2026-05-01
470,DK0004924933=,Nykredit Realkredit A/S,FRNTKY,0.5,2050-10-01,2019-08-15,DK0004924933,Danish Krone,Denmark,Corporate,Realkreditobligation,3.472039,10.571652,10.39047,True,Mortgage Banking,71.575,2026-05-01
471,DK0004925070=,Nykredit Realkredit A/S,FRNTKY,0.5,2050-10-01,2019-09-02,DK0004925070,Danish Krone,Denmark,Corporate,Realkreditobligation,3.799763,10.415395,10.22028,True,Mortgage Banking,69.175,2026-05-01
472,DK0004925153=,Nykredit Realkredit A/S,FRNTKY,0.0,2040-01-01,2019-09-02,DK0004925153,Danish Krone,Denmark,Corporate,Realkreditobligation,3.236981,6.399357,6.297011,True,Mortgage Banking,80.695,2026-05-01
473,DK0004925666=,Nykredit Realkredit A/S,FRNTKY,1.0,2030-04-01,2019-12-11,DK0004925666,Danish Krone,Denmark,Corporate,Realkreditobligation,3.146788,3.843635,3.78453,False,Mortgage Banking,92.221,2026-05-01
474,DK0006312640=,DLR Kredit A/S,DLRKR,8.0,2026-08-01,1994-04-21,DK0006312640,Danish Krone,Denmark,Corporate,Realkreditobligation (Covered bond (Denmark pre-2008)),-7.463062,0.238889,0.243328,True,Financial - Other,103.75,2026-05-01
475,DK0006313531=,DLR Kredit A/S,DLRKR,8.0,2029-10-01,1996-09-01,DK0006313531,Danish Krone,Denmark,Corporate,Realkreditobligation (Covered bond (Denmark pre-2008)),,,,True,Financial - Other,,
476,DK0006313887=,DLR Kredit A/S,DLRKR,7.0,2029-10-01,1996-09-01,DK0006313887,Danish Krone,Denmark,Corporate,Realkreditobligation (Covered bond (Denmark pre-2008)),4.132125,1.738794,1.703397,True,Financial - Other,104.7,2026-05-01
477,DK0006314182=,DLR Kredit A/S,DLRKR,6.0,2029-04-01,1996-09-01,DK0006314182,Danish Krone,Denmark,Corporate,Realkreditobligation (Covered bond (Denmark pre-2008)),3.93507,1.501377,1.472248,True,Financial - Other,102.9,2026-05-01
478,DK0006315585=,DLR Kredit A/S,DLRKR,5.0,2029-07-01,1998-08-14,DK0006315585,Danish Krone,Denmark,Corporate,Realkreditobligation (Covered bond (Denmark pre-2008)),3.672154,1.623558,1.594135,True,Financial - Other,102.0,2026-05-01
479,DK0006315825=,DLR Kredit A/S,DLRKR,6.0,2032-10-01,1999-06-08,DK0006315825,Danish Krone,Denmark,Corporate,Realkreditobligation (Covered bond (Denmark pre-2008)),4.099286,3.137294,3.073945,True,Financial - Other,105.6,2026-05-01
480,DK0006315908=,DLR Kredit A/S,DLRKR,5.0,2032-10-01,1999-06-08,DK0006315908,Danish Krone,Denmark,Corporate,Realkreditobligation (Covered bond (Denmark pre-2008)),3.985255,3.141251,3.07956,True,Financial - Other,102.9,2026-05-01
481,DK0006316559=,DLR Kredit A/S,DLRKR,7.0,2031-10-01,1999-07-23,DK0006316559,Danish Krone,Denmark,Corporate,Realkreditobligation (Covered bond (Denmark pre-2008)),4.697637,2.663153,2.601661,True,Financial - Other,105.7,2026-05-01
482,DK0006316989=,DLR Kredit A/S,DLRKR,8.0,2030-01-01,1999-08-12,DK0006316989,Danish Krone,Denmark,Corporate,Realkreditobligation (Covered bond (Denmark pre-2008)),,,,True,Financial - Other,,
483,DK0006319736=,DLR Kredit A/S,DLRKR,6.0,2033-04-01,2002-06-01,DK0006319736,Danish Krone,Denmark,Corporate,Realkreditobligation (Covered bond (Denmark pre-2008)),4.046775,3.366519,3.299401,True,Financial - Other,106.2,2026-05-01
484,DK0006320072=,DLR Kredit A/S,DLRKR,5.0,2035-04-01,2002-08-01,DK0006320072,Danish Krone,Denmark,Corporate,Realkreditobligation (Covered bond (Denmark pre-2008)),4.013928,4.261687,4.177407,True,Financial - Other,103.825,2026-05-01
485,DK0006320825=,DLR Kredit A/S,DLRKR,4.0,2035-10-01,2003-06-13,DK0006320825,Danish Krone,Denmark,Corporate,Realkreditobligation (Covered bond (Denmark pre-2008)),3.590676,4.512352,4.432399,True,Financial - Other,101.575,2026-05-01
486,DK0006321633=,DLR Kredit A/S,DLRKR,5.0,2034-07-01,2003-10-29,DK0006321633,Danish Krone,Denmark,Corporate,Realkreditobligation (Covered bond (Denmark pre-2008)),3.823001,3.940245,3.865974,True,Financial - Other,104.3,2026-05-01
487,DK0006322607=,DLR Kredit A/S,DLRKR,2.8153,2038-01-01,2004-12-07,DK0006322607,Danish Krone,Denmark,Corporate,Realkreditobligation,2.595565,5.61261,0.172735,True,Financial - Other,102.98,2026-05-01
488,DK0006322797=,DLR Kredit A/S,DLRKR,2.8153,2038-04-01,2004-12-07,DK0006322797,Danish Krone,Denmark,Corporate,Realkreditobligation,2.62029,5.71744,0.409969,True,Financial - Other,102.95,2026-05-01
489,DK0006322870=,DLR Kredit A/S,DLRKR,5.0,2038-04-01,2005-01-17,DK0006322870,Danish Krone,Denmark,Corporate,Realkreditobligation,4.135685,5.538939,5.426134,True,Financial - Other,104.3,2026-05-01
490,DK0006322953=,DLR Kredit A/S,DLRKR,5.0,2038-04-01,2005-01-17,DK0006322953,Danish Krone,Denmark,Corporate,Realkreditobligation,4.470782,5.499684,5.378753,True,Financial - Other,102.4,2026-05-01
491,DK0006323092=,DLR Kredit A/S,DLRKR,4.0,2036-04-01,2005-04-29,DK0006323092,Danish Krone,Denmark,Corporate,Realkreditobligation,3.586047,4.733801,4.650033,True,Financial - Other,101.675,2026-05-01
492,DK0006323175=,DLR Kredit A/S,DLRKR,4.0,2028-01-01,2005-05-12,DK0006323175,Danish Krone,Denmark,Corporate,Realkreditobligation,4.525377,0.894294,0.874374,True,Financial - Other,99.475,2026-05-01
493,DK0006323258=,DLR Kredit A/S,DLRKR,4.0,2036-04-01,2005-06-06,DK0006323258,Danish Krone,Denmark,Corporate,Realkreditobligation,3.775167,4.718295,4.63046,True,Financial - Other,100.775,2026-05-01
494,DK0006323928=,DLR Kredit A/S,DLRKR,5.0,2028-04-01,2006-04-21,DK0006323928,Danish Krone,Denmark,Corporate,Realkreditobligation,4.012077,1.017445,0.997317,True,Financial - Other,100.9,2026-05-01
495,DK0006324652=,DLR Kredit A/S,DLRKR,6.0,2038-01-01,2007-06-11,DK0006324652,Danish Krone,Denmark,Corporate,Realkreditobligation,4.179613,5.429196,5.317469,True,Financial - Other,109.35,2026-05-01
496,DK0006324736=,DLR Kredit A/S,DLRKR,6.0,2038-01-01,2007-06-11,DK0006324736,Danish Krone,Denmark,Corporate,Realkreditobligation,4.566214,5.385778,5.264865,True,Financial - Other,107.1,2026-05-01
497,DK0006326350=,DLR Kredit A/S,DLRKR,6.0,2039-07-01,2008-01-01,DK0006326350,Danish Krone,Denmark,Corporate,Saerligt Daekkede Obligation (Covered Bond),4.694519,5.977176,5.839285,True,Financial - Other,107.1,2026-05-01
498,DK0006326434=,DLR Kredit A/S,DLRKR,6.0,2038-07-01,2008-01-01,DK0006326434,Danish Krone,Denmark,Corporate,Saerligt Daekkede Obligation (Covered Bond),4.280554,5.625631,5.507111,True,Financial - Other,109.1,2026-05-01
499,DK0006326517=,DLR Kredit A/S,DLRKR,5.0,2029-10-01,2008-01-01,DK0006326517,Danish Krone,Denmark,Corporate,Saerligt Daekkede Obligation (Covered Bond),3.643591,1.743706,1.712349,True,Financial - Other,102.2,2026-05-01
